traj,seed,truth,generating_model,success,error,nll_m3,convergence_m3,m3_eta,m3_a,m3_b,m3_c,m3_d,m3_alpha,m3_beta,m3_gamma,m3_delta,m3_epsilon,m3_zeta,nll_m4,convergence_m4,m4_eta,m4_a,m4_b,m4_c,m4_d,m4_alpha,m4_beta,m4_gamma,m4_delta,m4_epsilon,m4_zeta,contrast,time_sec
0,20260621,moderate,M4,True,,7002.419808009996,0,37.01334026213214,-159.14678620401364,60.37598793727758,192.7445372007223,-38.15999013821767,18.791795247936307,9.72243890285248,1544.5510051609697,0.0,0.0,0.0,6996.570029559451,0,37.03385222436502,-158.56328217907765,60.0376929665445,188.51800248507897,-36.73810592077847,18.588130507661504,1.6546114811294503,1551.6299539927672,16.979548351261208,34.22910043654215,-85.55507876440947,11.699556901090546,22.191511208
1,20260622,moderate,M4,True,,6970.400852411486,0,40.89366940480445,-136.20495047477584,43.07285977749468,159.60707494092662,-21.311597776737788,32.37122007098554,7.838728797030043,1282.7720722784536,0.0,0.0,0.0,6970.3269102975155,0,40.87635972667031,-136.28939421524962,43.1391397496794,160.23793988584325,-21.460993168988264,32.41310035845787,8.42990277425209,1280.7923999349837,0.2063384273273049,-5.172259913332391,-0.6725929903397252,0.1478842279411765,9.435736874999996
2,20260623,moderate,M4,True,,7017.452295927905,0,34.815600286686134,-109.99493208710491,26.30898242698032,125.83902856830906,-10.259606857310688,18.212650905730687,19.621997472934996,1461.0738968790374,0.0,0.0,0.0,7013.721949717463,0,35.10464815491958,-109.64372347532972,26.594842384351033,121.28995862530984,-9.420402202828429,19.088346517417413,9.301004612610736,1429.4585983870757,15.2766924328913,34.15111955227176,7.950083838945075,7.460692420883788,10.550473125000003
3,20260624,moderate,M4,True,,7104.460047208779,0,38.075355673538915,-129.22878015967595,50.235626181531664,159.50612741352094,-35.70994482688414,21.9172143714897,-36.91023290209447,1593.3048479601027,0.0,0.0,0.0,7102.872806322375,0,38.13940969556331,-128.76735978392108,49.40520924467547,156.64097385467497,-34.952487701066566,21.81665264181791,-35.58698935644575,1592.1457819587472,6.096318836382797,23.065235350816177,-18.811829165764607,3.174481772806758,10.6203625
4,20260625,moderate,M4,True,,6952.367630361463,0,37.24348544858001,-126.3750498591329,55.61922534671252,145.5048214461637,-35.60789514229627,17.73490712890585,-37.857933559895145,1536.5884556638905,0.0,0.0,0.0,6951.202594810021,0,37.273726778606544,-126.315521433577,55.15738850443636,143.5116322736244,-35.49961233244212,17.852132249413124,-34.52897045500454,1525.6464987574457,4.9536227657875,18.807735507342937,-18.188632444170164,2.330071102884176,11.327860832999995
5,20260626,moderate,M4,True,,7123.779205847728,0,35.57394563293169,-134.45834332796127,46.55740337614956,157.1069018081565,-25.46810547395725,20.618820304967283,-4.3865582748233685,1519.5201161256227,0.0,0.0,0.0,7123.411310908503,0,35.54258762129409,-134.32054724394013,46.74836467896903,157.96826293311415,-25.80940591311684,20.427629587560354,-3.3241149453077217,1512.5930110140223,12.349556535359412,-10.288595383565449,-2.968700338798668,0.735789878450305,11.156618541
6,20260627,moderate,M4,True,,6986.158651854157,0,36.916467579644866,-116.66476513523654,38.76370265354405,137.8974569173205,-4.927338106268097,24.111441872522445,-2.4336421935309716,1348.6751814210354,0.0,0.0,0.0,6985.955685699529,0,36.92079046994575,-116.41870936482236,38.66249339112397,137.20145115268795,-4.786557221715175,24.211802354588617,-3.516259908572998,1333.327132035321,1.508281799404106,3.5469736118751753,23.17610802154408,0.4059323092569684,11.488442375000004
7,20260628,moderate,M4,True,,7082.433583965086,0,36.90116893346498,-133.3074056836422,35.80769490145969,156.08731846669173,-19.40165449033764,23.4696871924535,-31.915362909400415,1451.4232942505162,0.0,0.0,0.0,7082.344568688449,0,36.933501413883185,-133.29090369198383,35.52603010824221,155.41189136766388,-19.38151861510005,23.524713204435745,-30.151066724423153,1449.8434948478591,0.3354856646578263,5.618613368180754,-3.600621718330044,0.1780305532738566,14.258204333000007
8,20260629,moderate,M4,True,,7193.287053749549,0,36.97846076443832,-133.71533176488416,23.16335426564153,155.8066138797832,-0.8792805619774405,25.49368254461651,-1.0787989305318748,1499.1973817133826,0.0,0.0,0.0,7188.278245576115,0,36.8030268238146,-132.9438026039618,21.881707597384548,157.041927135456,-1.1442323879286806,25.11211691348284,8.476137073015229,1383.8477739916418,88.79781800727964,-18.347940940842182,93.42040881481056,10.017616346867726,10.838157666
9,20260630,moderate,M4,True,,6941.16349925658,0,37.090737674161154,-141.44055309029807,43.18109665152998,172.8254991546973,-17.79418286128991,21.187875331787385,6.078907052466325,1409.8721755477402,0.0,0.0,0.0,6936.9904554661225,0,37.108453562657125,-141.3115502073202,42.34572213347705,168.99090567435198,-17.657222673598056,21.355957124264915,8.835161089433603,1341.4201588056044,68.18787889794736,30.936109491610058,43.2897571827409,8.346087580914173,11.713507292000005
10,20260631,moderate,M4,True,,7143.361892553352,0,34.52744775157805,-150.44066362853965,54.47139287138497,181.05572266360488,-17.51219755727117,24.41719492105746,0.0716682182775784,1368.2509298745838,0.0,0.0,0.0,7137.137783598398,0,34.31631955620089,-150.7513743417254,54.33591100134169,184.20776617392255,-17.98535937636228,23.454518933630055,4.052082425471659,1352.7327263175375,28.843823083615263,-23.52497022906254,105.62702226424084,12.448217909908635,13.709972500000006
11,20260632,moderate,M4,True,,6802.204374739325,0,39.12632848868858,-125.86806925359711,49.752587073314345,160.5315242725749,-36.812883554871995,22.664321015404347,-3.5450954765682217,1341.1444070607308,0.0,0.0,0.0,6801.865931117072,0,39.16167453500981,-125.83628274093778,49.492546564077806,159.55698557211738,-36.52619893974201,22.70604713624021,-3.3706479626511734,1340.0886008570192,1.04921383907356,9.761864347756488,-0.7245604657211798,0.6768872445063607,7.971163750000016
12,20260633,moderate,M4,True,,7027.349213280942,0,35.88318864764178,-131.24836762645296,51.346690851813925,154.67463471769798,-35.84977857170843,21.23599051458357,-30.854040186635643,1440.0669766786764,0.0,0.0,0.0,7027.323300312462,0,35.88576815663675,-131.26436756846036,51.4230536833202,154.98474960277025,-35.86265347282442,21.237394096865824,-31.38097553284357,1440.4672471223266,0.098604088589762,-2.894196875779563,2.138273672650689,0.0518259369600855,14.031696165999987
13,20260634,moderate,M4,True,,7086.047498169977,0,38.033323775076184,-124.14253581245414,33.88443452926185,144.36922921365257,-12.20069670882858,27.84193275790824,14.293309529128296,1374.3381498320437,0.0,0.0,0.0,7083.881684536329,0,38.01235147201528,-125.72450965591192,34.44681384237341,149.49035673458022,-13.495548857353109,27.955844140144595,23.85106397493928,1361.9341681509916,8.171015440069887,-30.162014227149097,-2.7355110107833496,4.331627267296426,16.750653707999987
14,20260635,moderate,M4,True,,7083.1131196466795,0,37.96973162514373,-144.82606353869875,33.066924540205946,172.3510455123253,-13.454491835074055,22.14099358854598,-39.68784150690774,1555.085475426362,0.0,0.0,0.0,7077.608564805958,0,37.66658607061882,-145.24538364349584,32.07776636265242,173.50704713481971,-12.920138541847026,21.21417125975085,-33.56895835130244,1418.6955328277438,189.87421419226115,-12.04645896467857,-118.9576998593342,11.009109681443078,14.044331833
15,20260636,moderate,M4,True,,6944.996142865647,0,41.29459153334672,-114.38428586247328,23.127635308195178,141.4550084085809,7.2393790039892,25.20306024589228,39.83476089537883,1484.7012114723725,0.0,0.0,0.0,6944.452662427879,0,41.201622352532816,-114.155252384548,23.368911394712818,139.8533856426492,7.59410438781077,25.2350441625984,34.708308663461516,1428.6111794264616,32.53926155071072,10.500668300301315,19.713856042869352,1.0869608755365334,16.704081625000015
16,20260637,moderate,M4,True,,6891.745298476625,0,35.12390838631277,-105.4106282671679,17.06515868221642,125.04766710104984,10.678165029654547,20.57224790912539,-45.69173359124479,1305.0785240203816,0.0,0.0,0.0,6890.175764462483,0,35.043053078239595,-105.04110606829184,16.16958717829433,126.15157242685804,10.606701553257196,20.135517850889784,-39.257681489502254,1259.7360643510967,33.35720835292499,-12.50262581827747,46.97038164600027,3.139068028283873,13.691787957999992
17,20260638,moderate,M4,True,,7087.99094109117,0,37.27537420841048,-116.56456787553344,32.74065036728607,127.06084659880511,-28.55038849763677,24.501735553673733,-8.7288061812016,1442.8092465084617,0.0,0.0,0.0,7084.341992981119,0,37.44292965963164,-117.83516866797048,31.40060441795144,124.77552380242376,-28.044452501719185,24.648687568439296,1.0332880787209888,1445.2060520171758,14.078607278585652,36.71737794619379,42.38004622026516,7.297896220101393,20.4140065
18,20260639,moderate,M4,True,,6997.529397670925,0,38.253543556556366,-123.22065294813504,51.23667414211238,135.802579988618,-21.56450645443823,20.243617972814377,-7.286412648948084,1533.207082213141,0.0,0.0,0.0,6996.840152625918,0,38.25619103240187,-122.80737436367414,51.30399715390186,135.64799849509407,-21.648502058301208,20.172503474359104,-6.336441750544549,1550.1401496168946,0.7029545556075693,-4.8735857863471965,-49.55158625250271,1.3784900900154753,20.99697804100001
19,20260640,moderate,M4,True,,7012.521217698632,0,38.07158478389751,-131.65164083934826,44.20665075071457,162.39544670632327,-24.49636643390225,18.187466013330827,25.732713147375623,1611.6211108841053,0.0,0.0,0.0,7009.936662354125,0,37.927796061741645,-132.11088036373923,44.38273850384111,159.93402203649288,-23.07746499178335,17.246161516856976,13.58947699519212,1500.8755941870077,122.92949383139316,22.519526081857148,-9.649208671583438,5.169110689015724,10.919076915999996
20,20260641,moderate,M4,True,,6949.075799149714,0,35.389822898485875,-123.63859718387803,47.39456677494244,141.76231412296596,-20.734144757988595,18.377608578187857,-12.586337787669985,1431.46396926374,0.0,0.0,0.0,6945.2371773298,0,35.196042158119425,-123.41702029731076,46.451123497448,143.41591614816392,-20.473416276359345,18.112551157379972,-10.771668394082454,1428.3803350273636,5.400993275804773,-16.312840682990117,101.7102644023927,7.677243639827793,4134.548056332999
21,20260642,moderate,M4,True,,7099.999361807204,0,40.41904658031348,-124.22355056370247,46.77651117222795,132.01154875989255,-25.000109617419913,30.73490100500117,12.064004581178843,1418.0500094820766,0.0,0.0,0.0,7088.782181216673,0,40.152434034026626,-125.66655258346692,47.59533198972247,139.50660629431772,-26.632428019870932,29.10204933883676,17.071042068940894,1450.0886530164526,32.126155029818364,-58.531026680644835,-126.42272096156842,22.43436118106183,17.536497
22,20260643,moderate,M4,True,,6801.43250515481,0,40.38616230995251,-131.0435929419601,45.9861790302219,152.5083261416212,-36.393478525233654,14.566689737988222,19.063108059194338,1619.6513199558392,0.0,0.0,0.0,6797.33826326568,0,40.28374722630356,-131.45291995342572,47.228581230419685,152.92695795601296,-36.662377699406335,14.337925404736536,8.319350916391477,1429.7305212764495,222.0204158091198,-12.06769094644594,23.50785062869889,8.188483778259979,18.038905125
23,20260644,moderate,M4,True,,7004.313270482388,0,36.244406817308004,-130.8493598603151,38.599502006016415,161.99605211547242,-10.770766613463271,20.9692174546432,-10.668063100789059,1444.1983186794541,0.0,0.0,0.0,7001.841881796044,0,36.43447880284337,-131.539431778436,39.56424835239945,159.64326425072315,-10.58962474753134,21.1839968714567,-17.950835037126826,1438.5607772314327,8.238329681152077,26.227409152707764,-9.361296343581479,4.9427773726893065,11.222563542000003
24,20260645,moderate,M4,True,,7071.450826535312,0,38.50467494569487,-138.11944563542286,33.73408806043139,172.65702832689362,-3.855273903999781,18.03272370236798,-13.37132370243414,1707.413613909349,0.0,0.0,0.0,7070.4377530450965,0,38.532981036856576,-137.59606915443104,34.101498061414134,170.05724688840093,-3.6884667923399843,18.373933296675016,-20.10812444719011,1694.4519238271162,5.125573194512257,19.408960815375323,-10.620420602507274,2.026146980431804,9.634267875000006
25,20260646,moderate,M4,True,,6891.358686657546,0,36.22326236267005,-130.00723957497192,38.663209745108155,151.0920067824725,-27.067541716758665,13.453880270521712,-19.009779245482775,1572.5704517403765,0.0,0.0,0.0,6886.116961238495,0,36.10480585490127,-126.35916916918598,42.05472071560851,150.69130508490773,-27.231353594996104,12.312726109465657,-60.88536994419654,1622.4080779539586,57.45715329911078,-53.196022091939625,131.52487336404957,10.483450838102726,11.103900041999992
26,20260647,moderate,M4,True,,7108.789028348383,0,37.94677991737242,-131.54773936907893,49.44109459825398,154.8115400907667,-22.116021256480174,15.430305449397412,-42.610980815905364,1802.9400985416944,0.0,0.0,0.0,7100.850212508692,0,37.69418000970664,-129.73159867166274,49.885920750602345,147.70095878754626,-20.809922836975055,14.726574202562592,-61.09801971865321,1785.1633082105093,37.29272057440365,46.86977775728782,-97.227317305248,15.87763167938283,12.801657500000005
27,20260648,moderate,M4,True,,7058.01120865496,0,37.98820495433535,-142.84612451871234,27.88586423143883,170.90847957069695,-8.368152437135203,26.29484569507777,-14.734528614075701,1398.9690466666927,0.0,0.0,0.0,7050.475381554204,0,37.51014279176236,-140.89633495001834,27.98473284487574,165.2344941264128,-9.098271628934567,25.744952518421474,-12.407662235428475,1228.427066189861,172.0107684343788,24.8287262706774,65.40044988587404,15.071654201510682,15.671344500000004
28,20260649,moderate,M4,True,,6927.3580920901095,0,37.563648249546766,-124.39042331971619,56.45050460644235,142.13795212339892,-34.27809056013777,18.479506209836853,-33.9665297826518,1503.3483474142715,0.0,0.0,0.0,6926.88403608789,0,37.581831024317694,-124.32041966728487,56.808145125660424,143.07598602132722,-34.255466872052004,18.285073271783958,-38.85150565670305,1504.4089094376318,2.0557861233815005,-11.97588768548736,-10.238624246250154,0.9481120044383715,17.179557000000003
29,20260650,moderate,M4,True,,6865.897236960801,0,38.16802240591989,-116.18155845597235,36.31167532392882,140.86538076519759,-6.036562983311439,13.24104035508381,-23.10458592805027,1618.4896871029248,0.0,0.0,0.0,6860.915461458963,0,38.17428509617452,-116.23449076545104,35.884646029934714,140.08864637224164,-5.653737075822357,13.016659362011783,-28.13627671258462,1556.128055910144,7.052620865532868,12.252086147888424,127.7023776382021,9.963551003675093,20.960875958000003
30,20260651,moderate,M4,True,,6923.399326198569,0,39.13445267795441,-127.033133616063,36.183162581302064,151.90048008187358,-15.510933121944902,23.648082418101296,-14.582452338216413,1408.1230818154136,0.0,0.0,0.0,6920.247393751164,0,39.0259379812871,-126.59498605034008,36.15266638082074,148.79450721688877,-15.634464094787925,23.861124671139578,-10.466374157993814,1392.325887910261,8.069541456920392,25.790643507469227,57.81153656799133,6.3038648948095215,24.723012624999996
31,20260652,moderate,M4,True,,6944.869065141114,0,39.283481244896464,-137.12239933002732,48.689353252318455,173.03428460140464,-30.186642160000414,22.454034734244253,-2.806002286181683,1487.4309029005158,0.0,0.0,0.0,6936.299474152358,0,39.48452911427705,-135.8008055428514,49.416706835071444,171.33854525517094,-31.232999534268266,22.33924481655475,-10.589857222607122,1547.5335085772083,56.834474494204294,-8.974272221271628,200.80219093762102,17.139181977512635,18.097308666000004
32,20260653,moderate,M4,True,,7131.5455111645,0,37.1714031743043,-128.43131998170273,48.55192404941066,153.13120375343527,-32.33395948160586,28.004002592116244,-8.405017173652618,1347.8529194044422,0.0,0.0,0.0,7130.400061374818,0,37.10429153834916,-128.67545240016386,48.7056042521087,151.62981610868067,-32.31461984507676,27.71803598404963,-9.286942971186798,1267.6869449668118,83.65328470756904,11.579256090699133,-29.995953997658155,2.2908995793641225,14.652610166999978
33,20260654,moderate,M4,True,,7073.312224902815,0,37.99184408763399,-132.33371838228192,47.99113550517721,162.10983482485693,-25.396822164805187,16.84185662445405,-39.76698280906224,1718.4896422469944,0.0,0.0,0.0,7071.425836949631,0,38.01059612460126,-132.26498916844082,47.554253844921334,159.51899156408808,-25.42701926222388,17.181272354533952,-34.32662263232847,1693.076580453134,10.30146216587694,26.601046791146793,-22.183220769078464,3.7727759063673147,14.015645249999977
34,20260655,moderate,M4,True,,6888.751201943984,0,41.704106340345,-141.53759322927965,43.59367797285921,187.27235506072773,-24.25395992756359,21.70834403833277,-24.85838878247068,1562.9936987221197,0.0,0.0,0.0,6888.473039282252,0,41.77558220419257,-141.50431747465475,43.75190552215073,186.37868370116334,-24.150808560447597,21.87667896363195,-28.005167772454367,1561.1930641036217,1.043866144200098,9.55747341459444,-6.117442389254981,0.5563253234631702,14.067442374999985
35,20260656,moderate,M4,True,,7118.242993873833,0,37.08362865935962,-124.04660401667233,50.929571862564735,145.5813223115145,-25.7044711385519,23.148909086667015,-18.560428286604374,1507.0219181521334,0.0,0.0,0.0,7117.0743914278355,0,37.0551251901757,-124.62602112156578,51.43219038690583,148.2398455310474,-26.292705267400184,23.00532365283237,-14.790502487845634,1506.4420648603493,4.156478788024243,-19.448874515275353,-8.923505059508626,2.3372048919954977,24.540147375000004
36,20260657,moderate,M4,True,,6927.616712877295,0,36.58007056211383,-133.24804484057776,74.31647441033002,155.1968030982248,-54.33413496356752,15.473202412796175,-30.007571788623057,1568.0359551281592,0.0,0.0,0.0,6927.301563512946,0,36.62028690585113,-133.1591115146153,74.70172163418955,155.6500274299261,-54.35911514389081,15.559970129773644,-33.118842186024764,1553.8001443304438,0.9043715800981373,-6.729697955007755,-25.364760399817875,0.6302987286981079,19.277900249999988
37,20260658,moderate,M4,True,,7083.500252086715,0,39.28978401812791,-120.53760774368614,32.383905168465304,136.65737809485353,-12.400978351587915,30.571973624499062,-24.638628350011736,1350.2803186000144,0.0,0.0,0.0,7079.6734155038175,0,39.31465050964819,-120.07543364040022,30.641528661142818,138.52449336814556,-11.527227432766084,30.38825070021851,-21.584840940299426,1335.0730717901713,10.547861692662467,-22.118991618376207,94.05098734461838,7.6536731657943164,15.882493041999965
38,20260659,moderate,M4,True,,6910.336683217197,0,40.006590020145936,-126.89533523269773,39.27793994212066,127.1410501766403,-8.29771986670876,19.21662575034087,1.5092523442410521,1557.3989681853145,0.0,0.0,0.0,6908.614078433748,0,39.93892494411072,-127.10846228817218,39.000487920407274,126.23623355183277,-7.7921924711892885,18.580633780763367,-1.6189918648193884,1483.1284282102486,89.1782759429851,7.649638059356621,39.973765299326736,3.445209566898484,21.34502974999998
39,20260660,moderate,M4,True,,6992.030466849563,0,39.46537982515088,-133.13593173048503,38.65418692167516,148.45309986978359,-9.994960606241893,24.549281018717974,-6.206537372323815,1453.842074176605,0.0,0.0,0.0,6989.66698902145,0,39.48619020835122,-132.84563424167192,37.99998178772452,147.43229310488684,-9.757297052846928,24.51297122890892,-6.067188132083677,1428.998149232597,26.311098175786483,5.674425656471163,87.33512362709419,4.726955656225982,19.82572183299999
40,20260661,moderate,M4,True,,6938.227659519159,0,38.452291629147965,-133.39211521386324,46.53318228497743,165.81510063589218,-26.30569745592443,25.397034221867187,-40.509358376106945,1355.000555579011,0.0,0.0,0.0,6935.590571703921,0,38.450381395627524,-133.23864042727985,46.78108201223796,162.6247554910762,-26.205115111312885,25.219800681454107,-40.84449838550309,1335.902544504659,20.545153856634848,28.07151813881305,-1.883051194200891,5.274175630474929,14.980507250000016
41,20260662,moderate,M4,True,,6938.848132669778,0,35.9570965633485,-119.5023219625506,31.043457051304028,151.1970069814714,-13.095323468960203,14.124016623558427,-1.1929135718865105,1567.016839520862,0.0,0.0,0.0,6932.283423881492,0,35.92992611898343,-120.2535342311332,30.746768578472775,148.84060913493704,-12.120341044308317,13.297387982632758,-7.1864265490496235,1388.2223134465662,175.54734189563098,22.881915253297823,38.05618913454811,13.12941757657245,17.010647542000015
42,20260663,moderate,M4,True,,6855.6572222634895,0,40.87557966375093,-122.19826452841717,40.73089413686038,147.49659137646515,-14.36602688807231,25.73572862784959,-19.318154525454528,1372.450603489256,0.0,0.0,0.0,6853.181015088014,0,40.91284927629829,-121.4896589344698,40.71995061197578,143.6374851415614,-14.413847819899226,26.008485143960765,-19.46157599117731,1357.0799224421198,8.54238826067339,29.77803625379441,-3.7463435189676035,4.952414350951585,21.30995170799997
43,20260664,moderate,M4,True,,7006.290971839066,0,39.25069978247508,-129.14685824113633,44.95871564399882,147.6104269813858,-22.830349328514433,21.038444808088148,-4.301005236569615,1566.8868771658863,0.0,0.0,0.0,7004.078126970026,0,39.172024327649694,-129.26607783675922,44.32186546266602,148.3873990946648,-22.423279588503686,20.8443067251591,-3.6690393576382947,1504.5144802843151,70.66706865930827,-8.031182688684614,66.04557681733158,4.425689738080109,17.484719540999947
44,20260665,moderate,M4,True,,7143.311788160587,0,39.53971358775548,-122.67260034425772,45.388075716216385,138.86490827164383,-18.863170778932666,26.81791181986494,-89.6504175386101,1542.4255890368886,0.0,0.0,0.0,7137.077792554632,0,39.68304707197921,-121.43624016148273,44.7036696095514,139.07363376250544,-18.68055840488908,27.134322266025844,-91.1943732999348,1558.6201982008274,5.055959720806932,-13.188021217354377,165.24349349071446,12.467991211909975,16.686490832999993
45,20260666,moderate,M4,True,,7123.564856522913,0,36.835725082231505,-135.47868406702918,37.682143449198506,167.32577956815214,-18.71542486378451,28.054929823361626,-77.06619922517575,1360.8071912108173,0.0,0.0,0.0,7122.486774412098,0,36.70897997243326,-135.3124244938203,37.92056085001073,167.63137538229245,-18.46976009046308,27.913294361337233,-80.01201776682247,1268.8033210900587,87.8620694224718,-6.981042670576635,-5.441858942814044,2.1561642216292967,16.95363229200001
46,20260667,moderate,M4,True,,7035.1105528475055,0,36.62528460051602,-127.82732475485719,38.964753723547766,150.5884356297103,-8.923616617031481,17.642624797516845,-23.5420047405402,1581.2142070928414,0.0,0.0,0.0,7032.79088429757,0,36.78307953900287,-129.12278869078293,39.85749194374055,149.32117581007628,-8.543002446396057,17.43089395667619,-38.273539953765855,1546.7682039306096,38.915423678009276,29.9870649709679,14.543607288989223,4.639337099870318,18.86302758300002
47,20260668,moderate,M4,True,,6909.653848621694,0,39.53545390320726,-150.28041037103756,41.23851998410348,183.0890186069719,-13.604489452934157,24.195408264700145,-42.31741379247644,1418.1857114175777,0.0,0.0,0.0,6906.414406472264,0,39.61874365011506,-149.63949921203277,40.74771231570586,181.03408907748116,-13.592234222273333,24.287644028889385,-40.634871657928684,1424.7611592231456,3.371850556861935,12.68163140593594,87.70412408706004,6.478884298860066,23.64185904200002
48,20260669,moderate,M4,True,,7014.731397386569,0,37.32702712176256,-117.38244450088739,46.37430153071702,126.92848274021794,-6.194161170517024,14.111252022823487,-26.306098175456235,1704.2702645107195,0.0,0.0,0.0,7006.8308824559845,0,37.28091511433508,-119.49732416055168,46.588913628105466,130.46041104705063,-6.7265661192590676,12.798363279157341,-18.058623948893615,1523.279767704138,200.57985884174556,-21.02783486334214,49.29572092125522,15.801029861169809,16.79703729099998
49,20260670,moderate,M4,True,,7024.831587497829,0,37.4650853255955,-125.22802615626568,58.25579070749109,142.25639225651562,-36.527527696938094,26.53730057155334,-31.82672601042753,1330.6891414945883,0.0,0.0,0.0,7023.590947931849,0,37.408960144290404,-124.96339871233187,57.550599412767234,140.1599003281546,-35.75713491040937,26.335286872757486,-31.656706283974387,1265.4413946947654,71.10187861906661,13.296288710908149,-11.03719295859378,2.4812791319600365,16.80799354200002
50,20260671,moderate,M4,True,,6962.611254149308,0,37.333803234929505,-141.24818886958514,51.8899623122104,170.343859844401,-24.336317068404604,16.95805689521891,-4.852247255513266,1576.9155360634834,0.0,0.0,0.0,6961.1713178557675,0,37.23373085712608,-141.1419392934033,52.16779803897431,171.6278585712914,-24.90122258736814,16.971018177863144,0.6389368283716124,1587.4825979940736,4.255609360002572,-15.814520389081421,-49.784307348226186,2.879872587080172,29.715748874999974
51,20260672,moderate,M4,True,,6775.612465572793,0,41.27631144608907,-127.28190008352178,35.277268309791175,164.92837167501736,-19.524200419537138,14.128365930352185,-7.910306437141868,1638.6013449406003,0.0,0.0,0.0,6772.4412187740345,0,41.25720323884012,-127.2764589804328,35.015201810865214,163.16926205376464,-19.15441317069454,14.164640044060981,-10.67211442803487,1619.155881995997,9.684761603812742,22.227235469660386,68.55997766150327,6.342493597516295,27.253941999999938
52,20260673,moderate,M4,True,,7129.813298725878,0,36.7181278348979,-137.28529153411188,45.082645410509556,163.73385301785223,-10.724737996137623,23.01654610013482,7.71380652797119,1501.0206805138246,0.0,0.0,0.0,7125.200143420492,0,36.5957740672403,-138.09340761864254,44.414251454066076,166.11344745524605,-10.832690105484373,22.712969544163638,14.880233272109985,1348.4832157789228,109.2445215305664,-11.80102777041915,68.19062181734928,9.22631061077118,22.92213449999997
53,20260674,moderate,M4,True,,6978.905521797078,0,39.291080284370594,-131.71673114027348,37.247316106101614,161.12404993726133,-6.25160493665075,21.986604657579363,-12.321881454698278,1524.1819220180244,0.0,0.0,0.0,6978.798307695234,0,39.304655490362556,-131.47809137500914,37.13893367914932,160.33762445695092,-6.128642977642996,22.07744138438095,-12.741188490791432,1519.7974295358295,0.36478511687910664,5.533503873568176,7.895340308368649,0.21442820368793036,21.67086645900008
54,20260675,moderate,M4,True,,7070.607146816657,0,38.04115871589291,-153.36921216794198,46.72737569929565,198.5291140040568,-15.778853077183596,19.022096130187368,-12.813698964459894,1656.260532720922,0.0,0.0,0.0,7069.123626785186,0,38.09284806880966,-153.3290286743773,47.00699527933671,196.93864607427693,-15.712483555095472,19.200794295059872,-15.91157695425746,1633.0737387745535,3.6364988432270717,15.56690766704932,49.56512273856454,2.967040062942033,23.75176399999998
55,20260676,moderate,M4,True,,6981.922776162099,0,36.95460151923285,-136.8981988185675,43.33497620076976,166.3545063059368,-24.790741125581164,19.420521830165086,-24.218397125766632,1503.099706509996,0.0,0.0,0.0,6980.676960100798,0,36.94752280734272,-137.1466406184835,43.01250387586767,166.70970160546176,-24.647179162156636,19.14093428322807,-23.26256788932495,1509.9642877987424,0.745403025341417,1.4151314107557629,64.89579705771665,2.491632122601004,27.43090099999995
56,20260677,moderate,M4,True,,7072.254367057341,0,37.09699778301226,-118.24228353684383,33.4517630010103,135.1714177615335,-22.129270156963763,27.190021727027908,-51.84726168118001,1333.81459431926,0.0,0.0,0.0,7070.8422863080095,0,36.99823857608254,-118.37390205092115,32.96846906629703,133.38844810685967,-21.995015747529685,27.115437525612695,-49.531401456296486,1289.981825207425,35.69255419773518,14.557604258665137,-57.51731445524305,2.8241614986636705,14.157101874999967
57,20260678,moderate,M4,True,,7186.718529233719,0,37.64565456413398,-118.27743315638035,31.393230513357157,139.45373953117297,-17.194549252872182,23.501513215232215,-38.76802726072732,1576.360741512019,0.0,0.0,0.0,7185.322866477108,0,37.75262483410554,-118.05100936554399,30.623244101213892,137.65841975378825,-16.682093861783493,23.689090993163415,-38.10730468086142,1568.4923436661047,3.206316146724716,15.737653189724675,47.21853058006897,2.791325513222546,26.207538624999984
58,20260679,moderate,M4,True,,6872.108580948555,0,40.10201593191905,-140.6627074000198,52.197615741893436,173.75664801042075,-32.55739903938913,18.377288398358,-83.95202523131633,1588.6077283531133,0.0,0.0,0.0,6870.794438573858,0,40.18869796803126,-140.8535125405274,52.15671815439544,174.86073717740805,-32.510773544420566,18.43431450497367,-85.57252542089134,1600.1400523005577,1.3003532117978247,-7.1645612742987455,72.6306188193547,2.6282847493930603,23.89712608299999
59,20260680,moderate,M4,True,,6898.983039731507,0,36.201736065411914,-126.3916961349607,34.21681368845019,151.75427964127925,-10.555359955916144,14.203955274956394,-16.006983780570483,1544.695248848658,0.0,0.0,0.0,6896.938763038217,0,36.21410312910819,-126.53797733393316,33.76355526149282,151.16658680181624,-10.229110272668994,14.122021256797728,-16.705115129262893,1534.8422887674658,2.38211851970295,8.579346147741388,76.18855099198481,4.088553386580315,24.837061875000018
60,20260681,moderate,M4,True,,7077.723026102768,0,37.89791942043681,-150.61835487329012,54.860734595252744,183.99476707477137,-23.72957730506232,21.77768160257557,-25.295843620282845,1558.413061029259,0.0,0.0,0.0,7069.807502741461,0,37.780850249235634,-150.1330996760339,53.99195328488259,186.98223327328313,-23.56064063030641,21.927066200946687,-23.271328683741743,1478.0439955755965,74.22203376753735,-35.538267101991984,111.70649218156238,15.831046722614701,14.341461791000029
61,20260682,moderate,M4,True,,6908.736271338719,0,38.59534898531709,-116.73024429641114,60.92894445872399,131.53458796570902,-41.25627159157014,18.475179097014472,-15.770787019104807,1528.0718254186902,0.0,0.0,0.0,6902.48618776562,0,38.47936424950102,-116.95880009028244,60.65933965902658,134.44914506575384,-40.84920808269524,18.285207556782513,-24.073459701549865,1548.1648862171078,16.418766896094347,-30.389649248649768,130.42575692429295,12.500167146197782,18.223104917
62,20260683,moderate,M4,True,,7175.513677513866,0,37.18355701664495,-129.05418313910408,64.67393315699054,158.14609239462197,-49.539775743539906,16.494459719468352,-48.326987244931615,1810.852639941667,0.0,0.0,0.0,7169.00358418408,0,37.0124804285103,-125.15383515970034,69.78413358053548,158.82162999686255,-50.69101823513827,14.96965894445329,-95.73193910932727,1922.6318560837099,68.24113263317764,-63.9232815647592,204.39676418591242,13.020186659572573,14.840288083000019
63,20260684,moderate,M4,True,,6936.556280392502,0,37.255664326423194,-124.58164386970854,47.36769534774655,159.09459228048885,-21.33886207533765,20.370415194410715,-20.808149611914143,1435.9502274794993,0.0,0.0,0.0,6936.263118299572,0,37.23962826048259,-124.33948088706782,47.16310772036029,158.26573646318468,-21.205239350815102,20.383577677342494,-20.338518365400105,1393.7197998004576,37.53134556356493,2.9148118852574867,9.87705771384577,0.5863241858605761,13.475518999999963
64,20260685,moderate,M4,True,,6800.739640659238,0,40.10221108398335,-140.60777041227237,47.217238527897656,174.72790035262406,-17.609290122965366,15.407129182263413,9.939679831527885,1588.3051096394045,0.0,0.0,0.0,6791.330910365148,0,40.28528904146837,-139.53350540858344,46.293458812509925,173.90370240921055,-17.308626308250236,14.609136110467748,9.3266745394569,1674.5709905339218,7.679419426919793,-9.314329105023502,200.63810800970307,18.81746058817953,25.257500875000005
65,20260686,moderate,M4,True,,7021.9885536721295,0,39.87610488847808,-122.55089588372839,36.94850009722618,144.7321260668995,-18.449141634781327,27.68070220769241,32.12740304247722,1419.518393113866,0.0,0.0,0.0,7014.929061277755,0,39.72427566112776,-123.90940940952787,36.224742887603306,141.1853901175251,-18.439461034636068,26.178545696602008,44.29357050787363,1432.6819007879426,28.703414618883514,54.82385069470973,46.380423962482816,14.118984788749003,11.135743667000042
66,20260687,moderate,M4,True,,6883.169392669511,0,40.18681382752287,-130.0116103888061,42.86402152025431,138.89828148996023,-8.104640266978205,21.648773470963597,15.539707685074884,1478.6520225337763,0.0,0.0,0.0,6882.335203937793,0,40.08793074016488,-129.92409982465566,42.499608694814626,140.53809875145316,-8.403099729409892,21.414466203146343,24.540506970247733,1481.3500698966232,4.298266958639243,-19.18802673730477,-10.994528171403646,1.6683774634348083,12.019366125000033
67,20260688,moderate,M4,True,,7016.6009423397745,0,36.13260527603634,-117.64878325583705,46.57528469811825,125.11427722585553,-27.71243905587619,19.784045565372786,-5.24025193190928,1466.5638565498618,0.0,0.0,0.0,7016.449769868035,0,36.100953389790185,-117.65369619792185,46.75347570790173,125.95873731376004,-27.65440598465884,19.586686439140166,-6.500692247651879,1470.884380023475,0.6934175841588516,-7.370685936140683,1.223141062522923,0.30234494347860164,13.678242999999952
68,20260689,moderate,M4,True,,6982.377073792801,0,38.54195711164861,-131.00667210001205,51.65345362468817,155.98496734752908,-21.229926773448124,20.392874354973216,-23.678193917553266,1535.2346640105163,0.0,0.0,0.0,6982.027055395931,0,38.499785293060896,-131.16309236838543,51.8912618783011,155.0357243887728,-21.262721638377453,20.205602447271392,-24.890977334698494,1538.081361634657,1.486869865194247,10.962317526315859,-6.752156927648155,0.7000367937398551,14.724828291999984
69,20260690,moderate,M4,True,,6876.872038616193,0,38.85983964540988,-116.59911730613875,45.06150933452911,132.94900734066997,-16.92234525236166,20.402851870044664,-43.60744029071964,1452.3567787344093,0.0,0.0,0.0,6876.255436233487,0,38.81172825978937,-116.99321720448245,45.65016332015016,133.36670385264816,-17.361062494874034,20.088310551074265,-42.16690834688033,1423.6702803256203,46.421172349356276,-3.342642253081604,-44.99896506531247,1.2332047654126654,17.172689624999975
70,20260691,moderate,M4,True,,7097.0345423401395,0,36.75488566700697,-142.10494607960305,48.07425430359967,163.56300346336573,-33.998577677868255,14.265362074439519,-42.32610401654565,1777.077389640486,0.0,0.0,0.0,7095.960628523053,0,36.73186912285292,-142.25489490470648,48.746173127936,164.3432870988699,-34.148137759288254,14.114279357818587,-44.87241953766827,1763.151862151485,1.718764876804965,-6.873112860465964,-67.14347550611832,2.1478276341731544,22.133951166999964
71,20260692,moderate,M4,True,,6967.592771960901,0,38.98428835140536,-130.67056704658214,50.00748631642463,146.6659119486807,-23.41473399916596,21.822106815774283,-43.38821686690802,1504.7733540400532,0.0,0.0,0.0,6961.9374889773935,0,38.83036997281016,-130.13935321444748,49.65422567472217,149.1029141458222,-23.5894806316895,20.879632625959754,-38.51986585776692,1519.0559655346062,17.655038973713847,-36.17677999332003,-74.7026483785281,11.310565967014554,24.55787962499994
72,20260693,moderate,M4,True,,7095.372723515122,0,38.15959476918249,-123.55291957885423,31.78935513141979,156.50610222791627,-4.954908284348948,23.050457644709613,-55.56221863158043,1556.7242467010863,0.0,0.0,0.0,7084.3430971025455,0,38.112416923050674,-123.9181636930095,32.12931615954277,150.28217275545597,-2.7686385093334214,21.30415002058907,-73.77298020554316,1592.4939502757284,40.37891809795145,58.6596463960647,-101.56464651860786,22.059252825152726,15.209106874999975
73,20260694,moderate,M4,True,,6904.512344646573,0,36.27814414657239,-138.4389995667919,50.568398834276884,164.726557502223,-23.889985907354234,16.55667160297014,-16.50791219288462,1488.8447840536505,0.0,0.0,0.0,6904.451296789311,0,36.25971162823671,-138.49154831847673,50.71811362853231,165.125293138922,-23.852093977958052,16.475510459546904,-17.83990336278703,1487.530985117732,0.18334547138327223,-3.155202479373288,-10.972412782797855,0.12209571452513046,28.07528179199994
74,20260695,moderate,M4,True,,7038.487419358324,0,36.698504955663815,-123.41917411486365,33.681143827239936,151.29385394638933,-22.81764330172614,21.022418550819914,-21.640391181910022,1486.6856969954379,0.0,0.0,0.0,7033.94916718698,0,36.65328587703883,-121.89833897945793,32.91439959177675,145.2394814373956,-21.659629606565982,20.94988874532486,-22.886920547992325,1467.9745088430363,17.529395624108933,38.326955949976856,-20.935337803864787,9.076504342687258,11.628980292000051
75,20260696,moderate,M4,True,,6980.368608831546,0,37.592471954395336,-144.85488174065534,48.09025152475495,163.7100567630939,-24.22518731239295,25.06640703902766,-6.258274040544194,1347.9802094054398,0.0,0.0,0.0,6975.672706224649,0,37.78614188733032,-146.39055930191876,45.84903003539019,161.12072868716567,-23.094693517359154,25.01590500419882,1.1678986955206572,1339.927529706799,15.635344947748942,39.554130197528934,0.9233169268190495,9.391805213794214,11.275082333
76,20260697,moderate,M4,True,,6970.09579279544,0,39.17803808857296,-129.179201466986,35.431670990656656,152.28387111617639,-11.89275765319121,26.96300492847573,-6.466908780756374,1350.9190634063953,0.0,0.0,0.0,6967.93654651348,0,39.11248214700956,-128.6033689896549,35.538367462765976,153.50073727729796,-11.880629446364972,26.64347306904659,-7.0670738821868735,1294.2769004388347,66.2378716087613,-20.625405125946685,-5.509338713016091,4.31849256391979,17.21592354200004
77,20260698,moderate,M4,True,,6858.5471117897905,0,40.284000149401336,-126.74536420758987,50.5112146388242,134.53706820154946,-7.14974732722197,27.642468311646397,7.167996192380672,1293.9278906784268,0.0,0.0,0.0,6857.58252148861,0,40.331043063881225,-126.90842278786371,50.57345349836069,134.38235574367738,-7.17505164317431,27.619075696927315,6.703962203513356,1268.8056126638069,0.6873994859537452,3.2161596043398952,55.27708283311639,1.929180602361157,25.372190874999887
78,20260699,moderate,M4,True,,6954.008112368577,0,39.953115420019216,-133.53459944615793,57.198642231226515,155.76350203932716,-31.991202732374493,24.271063219360354,-58.393523408221206,1467.4398769939744,0.0,0.0,0.0,6950.294797930204,0,39.69814474753755,-134.86012548009415,57.90478141182119,156.4403966796514,-31.848416589615486,24.084892018986118,-60.30131250870214,1301.2396337869284,147.8273762039078,5.844309876843859,-86.77552180558095,7.426628876744871,13.333429833999844
79,20260700,moderate,M4,True,,7026.749639837795,0,38.05646459371528,-126.20962151973424,31.530583809829814,156.7317863890562,-5.3692099880090876,26.07344453703063,-57.73390187381115,1393.5086774949032,0.0,0.0,0.0,7025.7438601929225,0,37.992067500014684,-125.9680990721818,31.425582877272262,156.09621837508087,-5.508497012131995,25.88996688968306,-55.88079691985619,1317.3053333412079,68.72826725296817,-0.23502170911330988,16.504834642363395,2.0115592897454917,17.1970371660002
80,20260701,moderate,M4,True,,7087.693710463703,0,35.13417363765566,-140.0342970210631,51.95260760880491,167.20722659890944,-32.55197115085898,23.321125778560162,11.763489874643158,1375.6108263957256,0.0,0.0,0.0,7087.076808290339,0,35.14661337190487,-140.28400129744213,51.86411226127549,167.97632771331985,-32.48651376098094,23.301261190498614,11.09773427283614,1395.3660108254612,0.6598295841915852,-4.190367340636515,50.27408926411121,1.233804346727993,33.47752616699995
81,20260702,moderate,M4,True,,7005.5847234980665,0,42.66817119127838,-113.82839421009315,48.26125824764614,124.7549363123561,-38.175509561272726,26.863207182656073,-50.62180618124711,1549.5981279310797,0.0,0.0,0.0,7004.993516247427,0,42.802870513878226,-113.29495332189094,49.698288296392526,126.01307791455136,-38.40574683338822,27.1494157700916,-62.96034600188857,1556.9889351307802,3.690258225696723,-20.018826625798113,23.212143155959616,1.182414501279709,20.152952959000004
82,20260703,moderate,M4,True,,7054.23242970008,0,36.484830255626946,-140.58389661764687,43.73141146539235,166.50572688557534,-21.351333922126777,17.802585590419508,-16.631090080099174,1594.971266353256,0.0,0.0,0.0,7049.406193960609,0,36.60943138401162,-140.92228690325905,43.73174573434328,163.01740120491246,-21.284268218276047,17.720440704566336,-13.811069258383133,1579.4068915951261,20.45251377863261,38.075060481821176,-14.837590839263159,9.652471478941152,10.97540779100018
83,20260704,moderate,M4,True,,6946.604359187152,0,38.37019123567523,-127.75210706846163,39.57129918533892,158.88233682582813,-22.1529797551718,19.069057744084677,19.319644205789597,1542.3110215510847,0.0,0.0,0.0,6946.459157199346,0,38.34189404946677,-127.798492407064,39.43428303172422,159.27398791059233,-22.121791917857358,19.040060423221735,19.806876547954463,1541.0470314565255,0.21489857508834367,-3.397453638835044,17.959447133421378,0.29040397561220743,23.880988291999984
84,20260705,moderate,M4,True,,7063.2543610863195,0,37.23966544450747,-117.33804679959297,31.34532551227663,140.7421878906938,-17.183208216335718,18.338773677508115,-22.887030542900725,1617.3430637496388,0.0,0.0,0.0,7062.299119930511,0,37.14871065902294,-117.22968519616389,31.625212016453624,141.11771437092116,-17.20508255730396,18.122375377672537,-24.419664334287674,1615.9600569981212,1.0793551703033704,-6.0077761422121885,-57.10150201486246,1.9104823116176703,27.48773466700004
85,20260706,moderate,M4,True,,7118.460951591807,0,38.15639230501734,-131.57805887129913,24.58198100084241,166.045342009578,1.9660925345136695,24.780500619720083,-27.598291598026137,1513.8139620723753,0.0,0.0,0.0,7117.40115174013,0,38.1181096173893,-131.21029060373652,23.475098109198697,167.66628359830958,1.7283517447144054,24.70518565256428,-19.242967573872757,1482.6705584888323,3.4552289335912874,-15.079070079827474,49.60946582372101,2.1195997033537424,12.964442666000195
86,20260707,moderate,M4,True,,6929.880295260198,0,37.62242860501828,-127.2985727706687,50.92215957370672,149.19346128030813,-24.99982818369323,26.5315398958567,-33.49829477943195,1276.729056724902,0.0,0.0,0.0,6920.613269135719,0,37.32426689903206,-127.0914596776206,52.36307755347682,154.6436745098404,-25.290840995807223,25.576541486592685,-40.37028622579836,1267.9659480042646,27.746073422313227,-53.278460862747934,42.04764580517309,18.534052248958687,10.987846250000075
87,20260708,moderate,M4,True,,6960.16435520088,0,40.00915786891727,-148.66928441121198,44.61933786325747,175.3733853414654,-13.265730189799395,16.69830700608975,-1.9996435276806401,1700.515217443963,0.0,0.0,0.0,6959.674862260388,0,40.02265306804216,-148.21297708871512,44.64942621846751,173.69825676093367,-13.289444549180416,16.734685077377296,-3.273123647032129,1697.0659793625846,2.5304959290316766,13.014922583239656,-1.2727891404745366,0.9789858809836005,8.858768332999944
88,20260709,moderate,M4,True,,6954.788400277274,0,37.985259416606944,-130.59596249894483,42.325489134611274,150.67249077677994,-28.9808361551343,20.532343627461024,-41.83978186057339,1486.3947718247298,0.0,0.0,0.0,6954.4655770379195,0,37.99781496059112,-130.29719262798972,42.87534598759622,151.38101072010164,-29.089378352088342,20.699527793630242,-46.38847187746712,1484.764477888486,1.5212147921544885,-11.222910116415134,12.575495815872426,0.6456464787097502,19.215394792000097
89,20260710,moderate,M4,True,,6785.772844162084,0,40.06601632732735,-131.14653022729485,48.130613175652634,166.02760931266923,-25.118654006304727,16.568436971536094,-46.54368441557419,1543.8223404455691,0.0,0.0,0.0,6785.735878529749,0,40.0863854140583,-131.06674167594744,48.07447164899717,165.65344907195862,-25.018143870747636,16.645371292827733,-47.00496919438622,1542.420963158859,0.1529469875358539,3.1803573430335934,-2.334155462776048,0.07393126466922695,19.62617308300014
90,20260711,moderate,M4,True,,6892.231349039748,0,40.12126223320403,-124.27465822821537,37.32648746855566,149.81308509496984,-14.714981780657656,17.528035067827922,-30.64967375649728,1618.7642024563065,0.0,0.0,0.0,6882.2007795584395,0,40.00857565466288,-123.84294117355601,38.937695662590166,152.62148398383013,-16.103305643306758,15.13125326185855,-48.975627468717356,1641.344162142507,56.74105737460189,-58.60250197664765,94.83994008539044,20.061138962617406,14.27686879199996
91,20260712,moderate,M4,True,,7037.224978628004,0,34.69074977207654,-142.14241830673393,45.39700365848514,168.61222066065847,-11.738787724775912,15.80663321528388,9.979040951930862,1560.4914961667646,0.0,0.0,0.0,7036.124396293381,0,34.71378472694568,-143.0609910464972,46.150485344814456,168.1653399478511,-11.923054677501758,15.83782489612141,6.895420020680419,1506.1359033000545,64.76424641528102,10.712004290417541,-52.6043745768638,2.201164669244463,17.593797042000006
92,20260713,moderate,M4,True,,7066.788999034055,0,37.170376817367945,-119.66036767829794,30.63775785637701,138.94948722267554,-13.437687317372541,21.237778523946602,-45.86721514809989,1521.450337399058,0.0,0.0,0.0,7064.623211273588,0,37.050052552848186,-120.12708326993483,30.325973121971284,140.69895347599117,-13.57155929818678,20.844421514241166,-43.86776363816832,1514.0159276248714,10.267082939538346,-11.459040317805265,83.49833243869342,4.3315755209350755,15.711021291999941
93,20260714,moderate,M4,True,,6973.676666778488,0,42.05540976769796,-126.55257158377712,35.80012694640399,149.4199298482913,-7.4760283747684735,25.641935395113364,-21.809275587123757,1530.5295219773805,0.0,0.0,0.0,6973.521650265659,0,42.086495478217294,-126.74232198345965,36.22691435169659,148.7114184416037,-7.285473637966666,25.71883559287321,-27.56844800438713,1531.0126238461016,0.7208357846937393,8.61140105580922,-4.615352071339228,0.31003302565659396,15.828756082999917
94,20260715,moderate,M4,True,,6931.935584612421,0,37.78128088826075,-116.57365705825909,37.626364924128346,136.2096955104448,-8.276117453028235,21.36156436031111,-8.384544457938363,1422.5263988652932,0.0,0.0,0.0,6928.093945674837,0,37.687998420207705,-115.99414899426496,37.64816314381927,132.2462579684328,-7.0838785357689815,21.129829989872672,-18.26327678741928,1390.5055991172044,9.90890710876503,27.232753206829887,67.54770968155046,7.683277875166823,31.651235874999884
95,20260716,moderate,M4,True,,7060.25125546129,0,35.86372673710525,-128.06697359221857,20.882307851226578,148.08215822274917,4.663752416825526,18.926228396614835,30.14766114707553,1533.0825784781898,0.0,0.0,0.0,7058.844789421795,0,35.860542184876124,-128.27837045291554,21.45697385289288,145.91727567296297,5.136619221386924,18.667061980091464,20.106859751263386,1529.0844507282445,6.429718966359888,21.911089654292383,11.800550272615968,2.812932078990343,13.57581133299982
96,20260717,moderate,M4,True,,6962.696796779128,0,37.44482743571825,-120.87436655299757,51.51900463264596,138.6389910835859,-17.973351923102264,23.657657184603245,-57.464111781989835,1376.0200595850747,0.0,0.0,0.0,6960.67328113373,0,37.45153493046697,-120.72968199461924,51.36347940311096,139.94994201732618,-17.970781086344985,23.599797605002458,-59.04704999606122,1379.8919514833296,4.780030559894672,-12.91405374978705,81.53877888081229,4.04703129079644,17.437591666000117
97,20260718,moderate,M4,True,,7026.520275254603,0,38.936044588418824,-136.57163552215906,39.712617770923025,162.96410873501216,-17.519172919619457,24.250838264111884,-13.12319976085584,1479.8808445483112,0.0,0.0,0.0,7026.477556476533,0,38.95080649983061,-136.48424693837575,39.65933382137926,162.48460054838804,-17.48548143034528,24.280429731328173,-12.565898564759891,1479.4394668465209,0.1688147315219048,4.049145206747044,-1.0477810422835503,0.0854375561393681,10.988824084000044
98,20260719,moderate,M4,True,,6999.276148838651,0,36.698097863798594,-136.42444351534033,46.44646747853184,165.45336839897024,-29.81668851800032,21.084704873408448,-13.268391619910737,1443.7725621212192,0.0,0.0,0.0,6995.349121175186,0,36.74802680190833,-135.68745935123093,45.8046140862265,160.66966210938713,-28.23015736727878,20.815349562866707,-19.328719650761418,1442.8277128942532,14.018858306494552,34.16474417419113,-15.862351004207186,7.854055326930393,13.600320832999842
99,20260720,moderate,M4,True,,7046.367710613844,0,38.123540280587605,-121.80060794540812,32.96216644886933,146.1529181479477,-10.040410505446461,16.513018414076093,-28.856806541657736,1700.780593722072,0.0,0.0,0.0,7044.481298619416,0,38.061550478635596,-122.02705586601746,32.33060162421912,148.44405709088144,-10.301192215454655,16.518812165766317,-20.77634981955029,1669.0269495349407,9.366403778334792,-18.975677515175825,62.50806394162299,3.772823988856544,19.77377558299986
