rep,attempt,seed,success,error,nll_m3,nll_m4,contrast,gain_per_transition,convergence_m3,convergence_m4,nested_violation,boundary_equivalent,q_min_m4,q_min_observed_m4,q_min_protected_m4,augmented_eigenvalue_min_m4,tail_margin_m4,position_term_norm_m4,boot_x_mean,boot_x_sd,boot_v_mean,boot_v_sd,m3_eta,m3_a,m3_b,m3_c,m3_d,m3_alpha,m3_beta,m3_gamma,m3_delta,m3_epsilon,m3_zeta,m4_eta,m4_a,m4_b,m4_c,m4_d,m4_alpha,m4_beta,m4_gamma,m4_delta,m4_epsilon,m4_zeta,time_sec
0,1,20260612,True,,8122.619803087435,8122.555283000258,0.1290401743535767,2.5818362215601587e-05,0,0,False,False,0.0002744550511124,4000.020805528098,3821.714565612337,5.628915719272246e-09,92.1807333753316,57.214074762446515,0.0660220315687164,0.8181415716387663,-0.0443397709813122,6.258356745318434,71.51828849257625,-69.80962905177144,-39.27953668235114,23.39044060639317,17.786011169254795,50.76018293011821,264.7407396924902,4443.7537961863,0.0,0.0,0.0,71.57102299404659,-69.518678000627,-39.38530786371871,23.45127914184527,17.93203499888209,50.961312612761574,265.57128927967244,4444.1159844207905,0.3599790677165236,-7.495408934714198,-56.71983436942523,29.82213825
1,1,20260613,True,,7964.5089888696975,7959.188252482356,10.64147277468328,0.002129146213422,0,0,False,False,1.0030817065853626e-08,3283.9392928049683,1610.861588624443,7.484801157709742e-12,102.47012249528365,273.4784753457767,-0.2053080255293441,0.8167619353635025,-0.0128001208263429,5.91244347428367,67.72420517158737,-76.84852187767693,-11.832414202639772,34.52976844604848,-9.99456510834471,31.713962543303897,190.0850112529963,4593.884598737231,0.0,0.0,0.0,67.78556121122736,-77.22525485277943,-13.38693091986262,37.68166600980141,-8.91507351445488,33.10099992717107,176.44824435902282,4502.44199253337,132.66975162832983,-123.88660242951424,204.5515172732761,67.610146
2,1,20260614,True,,8036.758235873334,8021.53541159511,30.44564855644785,0.0060915663378247,0,0,False,False,3273.5713196513825,3273.5713196513825,3273.5713196513825,53.70253895514919,86.47529452151483,764.2451502446066,-0.3480365672090776,0.8117989674664929,-0.0477419731438057,6.052439996724651,74.51386448502768,-87.09109366051534,10.032098850067444,59.16949921441382,-26.99212662712914,66.84964886676028,-0.3802604441944319,3650.089382990535,0.0,0.0,0.0,74.23261051934554,-78.77876966614717,20.871546423235063,54.57789707336254,-30.760415375443262,61.989926517176265,-82.33266020734428,3308.055995056284,748.9956019083165,-146.44683993501732,-40.36782217865402,63.144466959
3,1,20260615,True,,8025.242806937451,8018.89918693813,12.687239998642326,0.0025384633850824,0,0,False,False,1.1300713254058792e-08,3481.8218241353,2865.179106455824,1.9230340916818945e-12,86.42889513949409,152.15395760029193,-0.1445973428000753,0.8527152523547888,-0.0337659260685626,6.0398513069626265,69.41355168327992,-100.6569278738016,11.897271733949989,77.62560359976746,-17.715810323303558,50.5643815429118,147.2862860660248,3964.6355223739697,0.0,0.0,0.0,69.51093731262333,-99.9054267783813,10.928951189544328,82.57738439452281,-16.85277217668982,52.592979485752565,126.69615157025022,3831.3299752315033,80.70898863402932,-128.97750832725237,1.2993509137664527,91.43355524999998
4,1,20260616,True,,7977.895501393965,7675.367325314496,605.0563521589374,0.1210596943095112,0,0,False,False,9.9980752565898e-09,1.7870135043076516,9.999894245993346e-09,2.0231936053768152e-11,114.09927873304866,5830.3828128758905,0.1667212617129369,0.7603135740105155,-0.0166250640743247,6.0558661161265235,63.38554968973455,-2.6642050704618443,-22.481675418812088,-87.59284638477082,-2.445752153369329,19.07079548059856,396.14618459295895,5488.6621036549805,0.0,0.0,0.0,69.94394472458207,-0.058980780412675,-86.04268880197075,26.9845839075202,-50.090043082427485,25.78861071611547,836.6831155801702,7402.083850549433,2500.0,-412.79410365203415,-5250.996550433898,91.528509166
5,1,20260617,True,,8078.222923985225,8068.36633688472,19.71317420100968,0.0039442125252120205,0,0,False,False,1.0009898687712848e-08,3979.7730933510134,2260.7667586352877,4.651649898267731e-12,108.41549425785112,520.0668426560103,-0.2922235561858826,0.7521127837984038,-0.04802747287074937,5.963907240217065,74.19829728147907,-74.58826135727041,0.5536958806518866,21.085698115943416,-22.86526575003433,44.39725213679042,132.21778781627538,4843.03644418361,0.0,0.0,0.0,74.95094867884166,-75.20426550075081,1.4094665074598693,24.66351058589325,-23.23755388431954,41.48640309983219,76.49849024970469,5049.698149212718,263.1097069186467,-202.0225969810791,400.5367314796431,64.07702825
6,1,20260618,True,,8063.888209074963,8061.4009876523905,4.974442845144949,0.000995286683702471,0,0,False,False,0.0002762768963293638,4139.989225097555,3159.6713107182,2.3473447980214243e-07,102.36062009286081,307.28456729458503,-0.05238174621243902,0.893681036677483,-0.042931993648990724,5.9413185563268085,77.6098878486389,-130.65030877053044,2.160775236568924,119.18328782260713,-11.143115857351047,52.065872541862234,65.25932931980687,4758.514799506487,0.0,0.0,0.0,77.52153588043912,-129.38144003095053,3.183038335315593,118.68309524408991,-11.28115107270639,52.68245166801743,61.755235092334644,4703.199037584685,9.758588737844125,-33.76397308667456,-305.2680287299479,60.509442207999996
7,1,20260619,True,,8206.641452937145,8197.780657496907,17.72159088047556,0.0035457364706833853,0,0,False,False,0.0002952248628389498,2840.54693041979,1538.9314371830085,3.8042047317651577e-07,74.4173514531502,240.92360508351607,-0.1474705468637492,0.8706480176640699,-0.025326450400847016,6.485897175973848,69.74378642047985,-79.43758154212989,5.085198526702508,52.36974981055022,-13.551764140930901,69.9029597170086,183.23670248129903,3457.4540114029382,0.0,0.0,0.0,69.24482033057187,-76.4631399466155,6.061396330282422,54.66318113340895,-14.112847421677657,64.07228920799353,194.57569079859573,3690.2062026278877,83.26600156657642,-136.47298540507038,180.23895451366874,71.598060708
8,1,20260620,True,,8112.918405581982,8098.77784737072,28.281116422524065,0.005658486679176483,0,0,False,False,9.994437277782708e-09,2757.9431632245105,969.3487219229288,1.0591188007698775e-11,90.89482914404371,313.0482041970443,0.05057783871122225,0.862216946141467,-0.034963645264994646,6.267063541462212,65.17348068578958,-89.50927959230974,5.331340048387174,57.84399148667443,-3.3889640140112234,42.93734163838697,202.69117468506184,4198.70769269597,0.0,0.0,0.0,64.74905943263036,-85.62406083503483,1.664401454317669,59.7288771082631,-2.423527293103098,38.60328972121701,242.8687813033456,4233.974942144825,229.6666356582201,-175.8577247154716,119.69325492410242,66.51793870899999
9,1,20260621,True,,8099.588691817409,8097.524704729205,4.1279741764083155,0.0008259252053638087,0,0,False,False,0.02093566275584635,3528.0010066030736,2595.184533782075,9.756665591607633e-06,95.31349409249229,102.05704808187494,-0.02638208900431473,0.8594229575741258,-0.026241488296396484,6.228127635786757,67.02608312317618,-122.98707236690963,3.566440074548346,89.13362238496224,-9.094328193303838,38.18342599622532,309.0158166364279,4626.860236725161,0.0,0.0,0.0,66.86965568700569,-124.31588828875098,2.862344367366332,93.01994717566082,-8.849132103340159,38.42581728151909,312.1454909820528,4582.147595783075,42.018133568106,-76.27336638052502,-53.22115270849675,79.00723545799997
10,1,20260622,True,,8240.675635824278,8238.572621867432,4.206027913693106,0.0008415421996184686,0,0,False,False,1.0020812624134123e-08,2264.401224376232,1000.9907718120944,1.6214489350323195e-11,75.60691963134285,225.0706863975273,0.009337883086431475,0.8575848555631369,-0.031181058222167962,7.162254494269289,70.53419369341333,-82.51898227531085,-22.23940693423505,48.20149987113487,4.062439203114557,65.97003090032035,346.04298426928216,3833.845810249023,0.0,0.0,0.0,70.78465783866207,-80.9970671385195,-22.35571770041519,46.08630121150898,4.85564366678196,65.9623960459813,347.752289768104,3851.6976938996577,7.889096709053418,22.7351962351416,-223.78044347243323,93.08758450000005
11,1,20260623,True,,8112.756286557467,8108.336628724657,8.839315665620234,0.0017685705613485862,0,0,False,False,0.00027791310094471555,3328.255408587361,2089.7784334083435,5.512328180809891e-07,90.80214337526954,456.1932802395373,-0.03995965077063312,0.8254750244857629,-0.044668962992524736,6.300201013051458,64.51637233672781,-76.4636247811675,-13.192402063140959,28.523394231521582,-5.055391061176031,37.63316164074403,217.6020163783106,4426.283651548666,0.0,0.0,0.0,64.39244680049492,-75.08060413962697,-11.708941101826024,29.232189250915376,-4.837922113728765,37.98275022572031,215.85171909403866,4377.821178616518,13.964999335957081,-28.600901009872256,-455.08161486779403,71.53201562499999
12,1,20260624,True,,8218.349323652177,8214.378936071502,7.940775161350757,0.0015887905484895473,0,0,False,False,1.0137796380149666e-08,4375.007023908286,4149.5173040449845,1.6289175199970815e-13,90.47605405268132,154.54505631432747,-0.42532894942632876,0.8216613999614092,-0.023992807521405674,6.3240802241659475,71.72958393442916,-83.80980247021047,22.29799930126306,58.96197616704545,-37.03511013731234,51.45796515551599,116.25335397536544,4650.941496741139,0.0,0.0,0.0,71.87719031204622,-78.92742222035568,27.778777113172872,57.58197869852112,-38.66420520499969,53.27832657141113,49.24476845136808,4513.855275921166,81.25841018002154,-131.44056301390967,-2.150255984866648,51.336834874999965
13,1,20260625,True,,8071.1917085402365,8063.505690685808,15.372035708856856,0.0030756373967300633,0,0,False,False,0.0002728982290136628,4739.455674020124,3985.5862625130235,2.1323064157499638e-08,114.67774113318461,511.59064885532376,-0.29219490053091696,0.8204709564186857,-0.010964244950212282,6.035365088988222,69.15870242951573,-130.56698854985126,16.60371739478196,105.07807189580762,-27.86468271112121,22.894443689537713,153.77526750032416,5510.720488299912,0.0,0.0,0.0,69.34231049459598,-127.49974832195075,20.47456287135133,104.41945559893996,-28.58840004539263,24.00687985600735,112.91837093673001,5253.8699716036535,129.38758448488466,-110.41762935446995,-482.48501749289267,51.121139583999934
14,1,20260626,True,,8265.551197965966,8253.761542732751,23.579310466429888,0.004717749192963163,0,0,False,False,3939.990464318925,3939.990464318925,3939.990464318925,41.734039936829795,87.43566480535102,827.1302899866439,-0.14666881206144824,0.7991396658671721,-0.047538187146023994,6.636319800826085,66.10747332300721,-113.85354104928793,36.46447823707134,76.17634571772695,-29.15424326668891,45.26747179534082,154.3509514711834,4539.1444274797395,0.0,0.0,0.0,65.9779911621628,-112.8765234117075,34.04195282333647,75.36672744184261,-27.014449045183564,44.520317518974565,138.0426032509531,4048.6254996382695,803.1368674117815,-72.81949924493657,-183.88314046452675,49.600584583
15,1,20260627,True,,8088.720803501189,8086.427042691102,4.587521620174812,0.000917871472624012,0,0,False,False,3985.5296021447743,3985.5296021447743,3985.5296021447743,32.42182039139344,91.58149691850653,216.20324344317302,0.30435001461630806,0.8831449484605498,-0.035860514328914066,6.238278191986226,67.97832359462014,-62.34710023598764,-22.63564604797315,52.51544232275761,24.725405374318555,45.53130865537476,167.74448186607768,4255.206803288853,0.0,0.0,0.0,67.57020570046114,-63.607448644381485,-20.979708049040653,50.256066834108616,24.209028334425863,43.55891448241575,157.39964311545032,4128.200739796573,166.0663683221254,73.75640442725485,117.15714486795646,49.787705125
16,1,20260628,True,,8273.762641662954,8255.404213242164,36.71685684158001,0.0073463098922729115,0,0,False,False,9.939412848325446e-09,3551.84782552504,2380.1162151865865,2.599869611080605e-12,86.31949761939916,419.6889144345661,-0.3162848931527955,0.827338676521382,-0.020501892024214607,6.455362600209476,71.86152695219687,-91.22154250720278,21.390877667087114,59.99109725888833,-34.56345420999886,54.74152444539115,-47.09786287451016,4628.439663939545,0.0,0.0,0.0,72.11946217220076,-78.17144608557669,39.243257594920486,56.24734318590779,-40.14911928797819,57.919426725002346,-206.03637251584684,4342.564338203767,299.05982280741165,-260.40018423423885,137.45454278574624,83.80592737500001
17,1,20260629,True,,8609.633000896018,8603.850964043406,11.564073705223564,0.0023137402371395687,0,0,False,False,3394.9481995333053,3394.9481995333053,3394.9481995333053,58.63779540449959,57.800000216603294,308.59676077564404,0.017517696446245783,0.8815412519217825,-0.049737822945762664,8.626084478078253,69.56716589140355,-99.048451670363,26.954594908209913,83.56871172897348,-24.965771828610695,82.00305550136957,87.23557690221527,3594.6711857136743,0.0,0.0,0.0,68.83931472426862,-99.86240319160463,24.94866060970129,74.91400695795956,-22.676663296395166,79.87862923193394,91.83388918840298,3423.2841060229266,256.2155650386107,128.88141339197384,113.9084117844362,43.53856804199995
18,1,20260630,True,,8037.414703110146,8022.992952412459,28.843501395373096,0.005771008682547638,0,0,False,False,3352.0403492302275,3352.040349230228,3352.040349230228,18.042874280044774,90.64278326133257,456.0703818556299,-0.08670046852593012,0.8238695775767773,-0.011156779465084662,6.271366125563579,67.40496436294204,-125.94231804433761,9.14094809551804,94.30026622716036,-11.185887201714484,46.894942386835375,221.35599483167573,4009.768472668921,0.0,0.0,0.0,66.92195675975454,-116.66824233188586,7.807121408478714,86.9623682233038,-10.880365573171842,43.2011302581765,215.78414454941878,3899.138184969399,415.4774035170828,-187.16414844294803,18.662848396462294,53.61474862499995
19,1,20260631,True,,8276.071351819814,8254.640576321319,42.861550996989536,0.008575740495596146,0,0,False,False,2959.3999118235065,3159.1812830124954,2959.3999118235074,6.873842439400505,80.22896366566786,365.7333164161976,0.14128494248434567,0.9060267698178425,-0.004784909207177367,6.703133874951086,64.53959973219872,-121.50675108613744,10.645269919065065,106.70562843230425,6.556749955437824,53.45458996811059,119.91850386635312,3974.3188232173534,0.0,0.0,0.0,64.33638230882977,-116.55086819578543,6.03919571751779,110.46949391787636,8.030513339498162,48.443800951991676,169.58962711611926,4011.497626177502,280.97735913071256,-206.18747363589182,110.90224573185844,66.752707042
20,1,20260632,True,,7890.781214392109,7887.537122466925,6.488183850367932,0.001298156032486581,0,0,False,False,0.00027542900716071017,3424.9969544009004,2717.5857656758462,1.6552220007830407e-07,98.69541002130197,296.19181048633254,-0.1478621746680322,0.8991326949620304,-0.04160887183679126,5.76356436753431,72.12757979373595,-87.77692292966037,-3.104176518687007,80.6809627497604,-14.902306334962638,45.775492416006756,217.24251582204084,4109.027969442226,0.0,0.0,0.0,72.31731744847103,-87.67827855137091,-2.123434824800044,82.9579911237269,-14.915527897839683,45.9392248756401,212.2324210305243,4073.34625128666,11.38336608311124,-40.11162862313573,-293.24233122963176,66.26799220900011
21,1,20260633,True,,8174.94745793449,8169.431130761308,11.032654346363415,0.002207413834806606,0,0,False,False,1.1110826676485885e-05,2987.554580199164,2123.82894055684,4.410092745914706e-09,76.81019467099122,140.38376892990476,-0.28404217837164386,0.8437178392921596,-0.012230302901193653,6.446726860689434,65.23330416370797,-96.32631631812508,4.949203068358728,64.88487752363159,-26.761005866080502,53.93409492349254,263.2871040269415,3807.3885229677644,0.0,0.0,0.0,65.37062876596568,-94.25024042984735,6.440384856959382,68.60968581750393,-25.87992086876913,53.93106286094012,220.4501707116911,3766.7110033623044,69.194692331971,-119.20539093373068,-26.6415447071901,61.70839000000001
22,1,20260634,True,,8465.57122630565,8463.30346639391,4.535519823479262,0.0009074669514764431,0,0,False,False,3992.0138314022734,3992.0138314022734,3992.0138314022734,17.249255798294932,76.80517658462435,258.2079074383135,-0.03056635547949324,0.8882099823401527,-0.010610372668087722,7.668716154833693,68.93919626685384,-72.51042228356842,-7.235281213365615,47.16213703390774,-0.4169250421608545,62.44557601105683,337.9093124650372,4424.451138783661,0.0,0.0,0.0,68.52858542713808,-72.77437397549052,-7.270966944509887,43.173244206847016,-0.7201069066389072,60.251994269651824,329.99722953273954,4467.96500295636,46.51947697944405,70.89349838581398,243.88803499116605,56.114368541999966
23,1,20260635,True,,8292.634941303457,8286.808016398423,11.653849810067186,0.0023317026430706655,0,0,False,False,3501.986235637858,3501.986235637858,3501.986235637858,60.71834198695936,74.81754845060883,551.8461389896801,-0.32315061010514545,0.83772048837187,-0.03740332529884989,6.764174387413134,68.40883450876154,-90.27302745954768,23.718350546936836,70.99654231839,-29.749680514986352,62.383633321186345,102.67846096035737,3878.166833278885,0.0,0.0,0.0,68.3700298360387,-90.81433417611458,26.159558473156284,72.59506658739575,-30.474802861499477,61.922511221468575,70.77809049078537,3531.345765540727,537.8606451984277,-38.88260737207427,117.16753094820022,48.84277258300017
24,1,20260636,True,,8192.744027181587,8186.413380591578,12.66129318001731,0.0025332719447813744,0,0,False,False,3750.39492191787,3750.3949219178694,3750.3949219178694,44.77123211095669,90.37246820608217,620.8591065844568,0.31599382850204694,0.8426329559512897,-0.020669080306258827,6.379481700289503,74.07233077549908,-79.0768595310277,-1.7974820182259341,52.14046639517844,19.277013450368685,57.70601497096307,307.2620143004535,4503.03889794059,0.0,0.0,0.0,74.16879508920456,-75.86698742862517,-13.12873377246285,54.5200826526271,23.241530889078867,57.965121972326955,367.95842134888517,4340.66967776724,425.95349448570624,-107.47562477662923,-438.72387767608285,58.459380667000005
25,1,20260637,True,,8007.5005253040335,7999.514938427255,15.971173753556286,0.003195512955893615,0,0,False,False,1.0284111340297386e-08,3143.085478661868,2273.756874745399,2.5297223766332176e-12,84.72117151130658,198.37034417340865,0.07921803927242868,0.8655363718541529,-0.012785730047617965,6.192919860195347,68.05159228863953,-62.803927830303984,-23.88054454275848,31.809702471786576,16.70413671788642,53.260516546899844,151.17078387070038,3678.0998998003424,0.0,0.0,0.0,68.12944296730662,-58.4320099601023,-28.4040968083184,30.91595504145977,18.661002823927426,51.53771442330666,193.73133451305839,3718.445144810869,108.25567868034331,-147.41939115836982,-76.80510784726766,62.109709416999976
26,1,20260638,True,,8262.60829281117,8258.340058394575,8.536468833190156,0.0017079769574209996,0,0,False,False,1.0000803740695119e-08,3059.005684336063,1378.0925380433619,2.203584676972668e-11,75.50720029416289,330.4504712147673,-0.31493617253805617,0.8196130727550817,-0.031155873432686474,6.905068014388578,66.68644031392652,-72.62072756935095,-3.971652848589423,26.08671720689728,-27.75109986875227,58.73702812263572,198.74053404543753,3851.5374055001234,0.0,0.0,0.0,66.5410976502547,-72.9069467227152,-4.226688659197525,27.649720510117316,-27.96703433409783,57.574995006346505,190.5287549027181,3993.4772435512696,27.115861035941855,-59.69516837996873,323.8807355778179,66.6781262500001
27,1,20260639,True,,8164.986969725262,8129.986912680836,70.00011408885075,0.014005625067797269,0,0,False,False,0.00027504086756380275,3706.3091903532572,2207.9012961697763,8.138899686504341e-08,101.01491443373394,1093.1442220787224,0.12922591459312388,0.8540164727449479,-0.0293951737000886,6.283578282335787,72.02486096527517,-90.0482013232464,20.817552846685377,52.61960673651239,-10.680044198221674,46.99410760332047,157.95757765685266,4765.503145848807,0.0,0.0,0.0,72.41662022031667,-89.18984149828397,25.53160517595021,58.36064090448434,-12.727409202076863,43.81832600689942,162.89674632754705,4838.404635816029,405.01935338669085,-262.1268348375512,-980.9246332437416,43.966755791000196
28,1,20260640,True,,8219.583613474693,8217.3423366653,4.4825536187854595,0.0008968694715457101,0,0,False,False,3705.146123834305,3705.146123834305,3705.146123834305,34.663099424070445,91.7492960344226,247.86669502293026,0.05380189959650381,0.9093155657961853,-0.04415415358346639,6.560224706913491,68.89817371812634,-90.64362599240404,11.60785181113389,78.75247965808043,-9.97197986939327,45.49555232290831,362.2037345037081,4729.146705072879,0.0,0.0,0.0,68.74493788261965,-91.1349163068089,10.719477259070636,79.01308739264452,-9.947551424375996,45.74057973081671,355.6637804282986,4556.2375355698305,178.65485857564568,-41.68159396706432,166.68228680118096,55.573230458000126
29,1,20260641,True,,8131.60570620071,8120.239824314075,22.73176377327036,0.004548172023463457,0,0,False,False,1.0537405614741147e-08,3123.278037277025,2095.6305282304465,3.8803515947145896e-12,81.57707286171046,315.7257505469119,0.06656930711409113,0.8208591942476315,-0.02144777902579277,6.2750990175976495,68.65510153165327,-95.58916582434426,-5.614830729293223,50.3713611483067,5.832469187352166,55.414757632786376,38.89522497187921,3912.669360626774,0.0,0.0,0.0,68.57865509343165,-94.69096053311075,-10.371281164050686,58.00072488054865,6.469263158547122,55.58023732515283,84.3860377820132,3796.415225462019,182.77303345689097,-197.91490904228024,164.64038562322125,98.8047375000001
30,1,20260642,True,,8543.416652798634,8264.251924501721,558.3294565938268,0.11171057554898495,0,0,False,False,1.0000377415053663e-08,9.996284688895685e-09,9.996284688895685e-09,2.1118736607483853e-11,133.04553946849992,1165.591190185343,-0.1120765991116145,0.8047747783827218,-0.04098032422487269,8.683241041582253,72.20692584008818,-9.851167583341127,-39.5834530728283,-74.21618480416284,-22.41758835005043,97.38496498750379,559.7589708225382,3273.546421501012,0.0,0.0,0.0,84.74375958283875,-0.012371536367186164,-16.79928277827006,-6.0683999058598115,-309.26019876412033,36.44197969717757,1518.2438318377006,16720.805768023456,1144.3194119067805,-104.01399804651565,-195.74727170866038,64.06924137500005
31,1,20260643,True,,8021.049912716522,8004.884516878172,32.330791676700755,0.00646874583367362,0,0,False,False,0.0002746732243394945,3593.8711710814296,2116.5201049085726,2.4274753963335654e-07,109.08668224909903,853.5937388933023,-0.22938171646523392,0.8114928115806705,-0.04916955025523809,5.926029861355691,72.91462285344353,-102.14921009093997,-7.384870897626819,62.409021005539394,-17.53042544033299,37.23304654773616,262.6002731504043,4951.968282192235,0.0,0.0,0.0,73.99215519913737,-99.36821077435677,-0.8543853945005276,65.58645589286878,-19.09314512955839,38.89762814917572,224.71294504976268,4722.884808301203,116.70352643443279,-127.3599669253741,-835.9318134993921,52.73763262500006
32,1,20260644,True,,8091.2334812672925,8084.922761391457,12.62143975167055,0.002525298069561935,0,0,False,False,0.0002752220225374913,3864.583389487485,2808.630523486882,1.841096530695161e-07,94.94135059212093,439.6521353435985,0.11819353252745264,0.90025254880164,-0.024474421809801212,6.073648239231567,69.64358660046345,-102.19766911966148,-6.701390114858386,84.80044107172331,7.5478175401737335,47.417896924839376,115.06525882660841,4331.937361762837,0.0,0.0,0.0,69.95672330788094,-101.63346624892048,-4.926667666495421,87.36571978392925,6.439595108416226,44.972096023640944,112.68920150866606,4514.337163345789,49.60351549001668,-88.94301621455696,-427.69455365935465,59.60383833300011
33,1,20260645,True,,8390.568511956604,8390.55097883934,0.035066234529949725,7.016053327320873e-06,0,0,False,False,2497.932496595323,4866.539246696566,4818.114819032747,0.006517830677125567,89.2666335077061,7.684109610449727,0.07997225684564567,0.8796692232783156,-0.00347207580437055,6.7185464987861865,70.89738255904632,-82.6606080674556,-6.866966940509138,53.435774390677,6.691424816946673,52.526035936431846,151.8617456970895,4997.62927392263,0.0,0.0,0.0,70.9190710970918,-82.58335522619251,-7.066961704561512,53.61748042111578,6.768821155119933,52.57150868647749,153.37351609053755,4999.00045440939,0.2931221014150252,-7.677432437682539,-0.12903915641325633,58.20989237499998
34,1,20260646,True,,8031.238876213778,8010.9607216307395,40.55630916607697,0.008114507636269903,0,0,False,False,3830.18010711807,3830.18010711807,3830.18010711807,32.32223618585954,103.02375822855052,1599.8282091746062,-0.33938926997539465,0.7859528296136968,-0.03240447009844212,6.018424389173932,68.56866609139738,-63.73533551880835,-13.442156350002517,22.63517779819581,-15.597210095760405,43.31062590158145,104.66290877535752,4248.638920600878,0.0,0.0,0.0,68.27949060996951,-64.11533718911801,-15.63285343446957,12.251911445329018,-18.792748834756363,33.5352229913885,139.07501696757012,4123.732336008243,1296.6839256350008,28.197229686384603,936.6247979359956,57.19619779200002
35,1,20260647,True,,8357.43419788395,8282.90248478793,149.0634261920386,0.029824615084441498,0,0,False,False,0.0004574374561343575,2850.9342707553596,0.0004574374561343575,1.4528328983776218e-05,118.39595250651129,2550.7174153746682,0.16841615136962707,0.8715146703019263,-0.03975743299980506,6.5453289307392115,72.06170760334906,-120.85776380855847,6.477371904265205,96.50550835404287,-4.772398092738839,27.018630096307675,75.12493907850826,6604.649007463251,0.0,0.0,0.0,72.08771393685082,-108.90723886653628,14.30979285941258,80.15702095145855,-4.803328894111074,25.779475367190347,101.44403689727484,6971.239324420598,232.0120042704888,-10.512016712585082,-2540.121898743179,66.88605979099998
36,1,20260648,True,,8231.476908107219,8230.11492247468,2.7239712650771253,0.0005450122579185925,0,0,False,False,4009.9635564565506,4009.96355645655,4009.96355645655,2.1563360394813955e-13,82.12387378294066,121.265606116045,-0.15439092361623555,0.8672178727412967,-0.00664087243970003,6.6479562068870415,69.15336099235176,-76.78839007623404,-14.714655909842367,44.73147817968546,-1.1968154073945685,56.520300400562654,171.122955246492,4133.78649623561,0.0,0.0,0.0,68.8446317459663,-76.40565291024164,-14.66308650285228,40.918607569573986,-2.118174422137086,55.56538970899193,171.96813415272513,4143.018679973411,19.011594063324228,65.00420395998302,100.59005907838048,69.67017583400002
37,1,20260649,True,,8128.77221218336,8120.32180113699,16.900822092740782,0.0033815170253582998,0,0,False,False,0.00027432971546659246,4142.196047368773,3624.7024787774535,1.3316849399872044e-08,94.60858661307981,333.7830739092848,0.06382976532565868,0.851610546855225,-0.045099133470373434,6.237838614485246,70.53375725597179,-89.01636888030183,-24.310782879993422,53.96775882599731,11.038662537235645,45.093853441585665,96.40537828562945,4625.125615702268,0.0,0.0,0.0,71.08567471768313,-84.97590193460871,-24.72677477533474,55.041472068928634,10.90442583612159,47.56276282228645,100.33002325111025,4500.130269106119,119.1161692612365,-150.06812484563423,-273.31673302996774,56.71672820799995
38,1,20260650,True,,7899.515688047752,7894.0606985850545,10.90997892539417,0.002182868932651895,0,0,False,False,0.0001128383873947314,3876.949944139537,2417.7560243309126,8.642405463142791e-08,115.02976636720334,347.23890689368056,0.11108126621807275,0.8817923166868824,-0.04247415567947288,5.6420179010429745,71.7958427551544,-82.72304952149105,7.162550710999285,63.35681672282766,2.4959658811087793,25.836536727673522,91.99372216231205,5018.128923848869,0.0,0.0,0.0,72.00094150459627,-81.95641002703525,4.801226754891107,63.316415321131785,2.9429417195987595,28.972116641989203,108.18444957057825,4806.260715030749,76.94456309783493,-86.29805701878837,327.4248585938206,65.89616758300008
39,1,20260651,True,,8046.930495772532,8037.486110667764,18.888770209536233,0.0037792657482065293,0,0,False,False,2033.1672324842352,2745.449500813224,2033.1672324842357,10.689337411357805,97.42660677070101,465.0201602689568,-0.0778570637511011,0.8905009111370273,-0.043550324897654195,6.155069705944085,71.40662242941373,-72.49416903322461,-19.843629278966084,49.17430471027572,4.241015842554793,48.1513355095621,293.88150193306234,4364.006227228224,0.0,0.0,0.0,71.02046450965506,-69.81928344854516,-23.447418249471127,44.70044473141221,5.002401158538194,44.6143222486091,306.8659777859904,4461.527792992697,128.13086923243878,-95.51323035534875,436.6960643667309,61.38509204100001
40,1,20260652,True,,8218.16133562858,8189.880658617757,56.56135402164546,0.011316797523338426,0,0,False,False,2853.883666011252,2853.8836660112515,2853.8836660112515,38.65654364694037,85.76457515548867,1072.9464620482238,-0.4268608388944327,0.8408363964258663,-0.02741440697519634,6.84159608989558,70.58523335103027,-87.1216226001032,3.3340004234266014,68.45574382840934,-22.152658477213226,54.24628328672289,169.09383223840592,4383.351629773729,0.0,0.0,0.0,71.09155267783696,-87.67644989217608,-0.7081955854344614,65.9408895150198,-22.23876665734545,56.418530200185245,141.11278330899924,4574.543991776743,224.13141620129662,-75.03907362711402,1046.588914580403,65.33773216699956
41,1,20260653,True,,8273.610458994603,8258.848673596427,29.523570796351123,0.005907076990066251,0,0,False,False,0.00027514813882589806,2728.3469335040963,1665.6574857993583,6.094464661434942e-08,72.19007952742858,376.52130952260165,-0.2216394057050124,0.8717099673836027,-0.013772677467933345,7.749503466431095,67.64123099314108,-77.29287555501953,17.822805775707103,37.80470515031139,-30.74215618553598,63.91364252166951,139.8368311944089,3669.1904931575755,0.0,0.0,0.0,67.4185373712531,-70.16217730605595,21.712068264248373,39.17197642556706,-30.128958853692314,62.64699521507761,85.75470843735368,3556.883806101842,130.46336162883762,-179.1814881710241,-304.37082989986914,38.98433750000004
42,1,20260654,True,,8195.791678461635,8192.779875835782,6.023605251706613,0.00120520313159396,0,0,False,False,9.998984751291573e-09,4153.5717052399805,2754.339967150336,1.4965983010004015e-11,101.99813748483902,393.37636062674466,-0.14813871997099193,0.8928086234500701,-0.02055508750915948,6.291576480206009,69.47700246866115,-86.80596491115195,12.433267599935151,66.22765327284507,-17.013887749845704,36.43371023424362,152.83587189269002,5187.08167026944,0.0,0.0,0.0,69.5485612584634,-86.52920878163701,14.151403322135012,67.12777560957147,-17.35482419875049,37.09898503208776,149.24995367052458,5096.432495608113,7.589576992370756,-5.118850874629619,-393.26982694677054,65.82726612500028
43,1,20260655,True,,8084.00592083016,8079.898513417535,8.214814825250869,0.00164362041321546,0,0,False,False,4362.649566731635,4362.649566731635,4362.649566731635,38.039818264755375,103.07889602766069,425.85142266482234,0.04426898479279551,0.9333630564876824,-0.03609685453290901,6.029528629747796,73.70659586004861,-97.78676382280396,-12.503870733029462,91.30896816270574,3.134742413035426,45.29347996448962,182.57170589233365,4800.769372663647,0.0,0.0,0.0,73.32979548167593,-100.52684807121932,-13.563314343656732,96.10119670473756,3.3102304342013733,43.58069493569117,185.90637852531927,4561.76283393593,373.4579920862437,-73.51007667047315,-190.98384999906534,58.244756667000274
44,1,20260656,True,,8247.67534448,8231.90517159013,31.540345779740164,0.006310593393305355,0,0,False,False,140.15125781621919,3673.212403492191,3191.665855237533,0.006800066837725319,79.40760964288978,289.0823651377371,-0.029750770620863523,0.8766641446919926,-0.038502941423395665,6.611320996688442,67.67097598603152,-82.63329683569854,12.347002288003809,40.79497535835931,-12.547232738241831,58.45565548404289,87.35864762111878,3927.835498724915,0.0,0.0,0.0,67.34712956776492,-80.92633178322939,12.795614334499145,48.636999185517055,-12.14498792536245,55.286649492640066,117.81097366062046,3947.918811144357,181.75293447220747,-200.0340049167081,-102.57134844269049,59.37264487499988
45,1,20260657,True,,8062.666030969818,8052.523445672138,20.285170595359887,0.0040586575821048194,0,0,False,False,0.00027293852326693013,4421.304022106069,4069.8163438300894,4.762967155520287e-09,103.10223381029283,365.6976323014383,-0.21115093765737503,0.8032516068358873,-0.03851264805037621,5.983060398608118,70.41550425182024,-102.14355275685145,29.699888135821418,63.33224488710246,-32.17108740087067,36.62907730970413,121.24949350676131,4857.32401743532,0.0,0.0,0.0,71.09142813216741,-100.90799773554993,31.907515058235514,66.79006083280015,-32.262710033002904,39.08062245404199,76.3319241493642,4639.459193988611,190.014418485563,-172.1354692576752,-260.76552544750103,47.546588166999754
46,1,20260658,True,,8313.093252659473,8305.463877951639,15.258749415668717,0.0030529710715623683,0,0,False,False,1.0000348993344232e-08,2286.0175969279408,838.5347263984311,2.0893799024529247e-11,64.42510253954666,258.53680187370446,-0.04537751953034476,0.9184145752901568,-0.045287395973001764,7.598816033784855,70.91929452904176,-111.05279389080658,9.596385019487816,99.87176918662617,-18.369902378484845,77.52731925425469,225.1253881465885,3388.6829456299,0.0,0.0,0.0,70.4494813017174,-108.001856701821,5.082814180184685,100.59991052831089,-15.931334427295754,76.47386006388814,207.91733276945823,3377.7339110926673,48.43491185952911,-107.13230700190965,230.25639194752299,56.83282429200017
47,1,20260659,True,,8146.326332409518,8141.929619192389,8.793426434258436,0.0017593890424686745,0,0,False,False,0.0002747921971604228,3809.2635756974214,3651.080347326903,2.9236648346811454e-09,84.12191980549056,247.33923988043946,0.04204827426728214,0.8323363805962486,-0.011838116784181887,6.433308294608433,75.68256499346649,-99.68943035893955,-9.206737842857423,57.19370210991585,5.448402111324863,67.19008267218933,139.00327881689722,4008.9801633372113,0.0,0.0,0.0,75.67858768021215,-98.38569704217275,-10.360318848944615,60.167526886350885,6.441946896546263,67.23525555493373,151.6526211702499,3985.0854481369374,71.17503098904676,-138.27165230434574,-192.33243282756015,64.49080520799998
48,1,20260660,True,,8239.627669436675,8218.00581153839,43.24371579656872,0.008652204040930117,0,0,False,False,0.00027545413468033075,3683.8380576094887,3312.329662490877,3.9513597862375235e-09,84.07228326607327,683.71144722972,0.03878290655132679,0.8170772310940221,-0.04399817153439745,7.0704430633682795,71.47479562671545,-94.83050654211617,11.386978581245112,44.857201651578315,-6.48243394891482,57.463506925963586,197.92140122876077,4342.910882230923,0.0,0.0,0.0,70.99880355530699,-91.55836021331871,14.45146152023613,51.82196977409914,-7.785132213080618,57.925323844540706,208.07493510920958,4130.395568105778,304.85550602092457,-265.62079521374915,-551.3347954480106,53.239678999999796
49,1,20260661,True,,8040.555816294209,8038.434116286484,4.243400015449879,0.0008490196109343496,0,0,False,False,0.0002756372359726811,3340.6289538016704,2418.4622094547667,2.0179875443532192e-07,84.70017572274055,233.84437734306206,-0.1992106357663314,0.8817360376821445,-0.04388691727135763,6.078597240722557,69.8801911527348,-104.3795043883052,-11.804788338280733,84.23733172907835,-6.075512129733384,55.18973181320329,60.772218783231416,3830.140699395311,0.0,0.0,0.0,70.0888694039418,-103.82321644533799,-11.010583836292616,85.35575798412334,-5.971626235639333,55.477563085143046,52.20500948847762,3788.6553387222457,8.831172526689125,-35.871480320123965,-230.90786064231597,83.52195904100017
50,1,20260662,True,,8126.3616663820885,8111.4457369663005,29.831858831576028,0.005968759270023215,0,0,False,False,4366.790047642679,4366.7900476426785,4366.7900476426785,21.154061006550688,112.21072624240705,1135.0470433829967,-0.13177988881259683,0.83881278534253,-0.034562459926296654,6.144142587248435,68.63173288099672,-103.55614173670713,-5.679717674974653,74.87024009423581,-4.588481529124605,26.194499031269203,164.13610790650998,5448.851462542887,0.0,0.0,0.0,68.0837763694818,-103.45400611767685,-11.841107350118243,70.68413291321247,-4.040429514523647,23.95682649655654,198.21630150234515,5205.925362999061,648.549004254312,-28.327573465077787,931.0819128061738,65.05994095799997
51,1,20260663,True,,7945.605004463647,7944.800933631517,1.6081416642591648,0.0003217570356660994,0,0,False,False,3534.5426909018174,3534.5426909018174,3534.5426909018174,-7.178928547778933e-15,86.1488753028994,78.44430780506514,0.03200538437702,0.9022183619268868,-0.006475811921419177,5.943317880419784,74.73635219916186,-84.38939220392619,-17.169480155714915,68.09115356458544,11.61223828846415,63.94225501272521,163.5737909412944,3627.5497852600156,0.0,0.0,0.0,74.59616388059052,-84.96016880004836,-16.833682778920814,66.97111612420753,11.265868584325062,63.04345245828164,162.86354150026207,3639.726227477483,9.023646076892973,47.702486411044106,61.61619940160972,80.96024120899983
52,1,20260664,True,,8107.853258425194,8090.894861953212,33.91679294396454,0.006786073018000108,0,0,False,False,9.997165761888027e-09,2653.5531928273613,477.2297431549,2.8447828894452865e-11,95.61094604513016,565.544644874193,-0.07141718829513417,0.8736050893766146,-0.031348194563560736,6.2923478932300325,71.36545218922235,-100.36974926239967,-5.4681320149577965,77.45496349752872,-2.6346031904672813,47.93174148005374,247.10095306580746,4523.337337330275,0.0,0.0,0.0,71.20373551456917,-98.42059602716051,-11.666616312800832,76.82321217523247,-0.18927378842481485,46.796524984008194,267.0623106888023,4502.496799329984,163.56851836929528,-144.0083837986921,521.8693998885536,58.13490229199988
53,1,20260665,True,,8481.804441650678,8462.255686388846,39.09751052366482,0.007822631157195843,0,0,False,False,9.704308467917144e-09,4065.421713842254,3332.020682725697,1.222193505643115e-13,82.66874362187141,543.4803209750282,-0.016828366521270535,0.8456718907986012,-0.04915040865566919,6.850345826265307,75.30228362799735,-86.80088209388818,11.304394721838989,45.868769684809074,-9.375364088872123,71.30971937694797,-141.5267614481799,4613.753403016916,0.0,0.0,0.0,76.54857590765715,-90.04725854443959,15.320243398879429,59.2990048397935,-12.765306517949178,70.42840819344289,-173.77581360316614,4621.550928139318,370.4778870873321,-322.4033748436775,232.75106520880394,64.12609995799994
54,1,20260666,True,,8336.862065644793,8329.399793715133,14.924543859320693,0.0029861032131493982,0,0,False,False,9.998984751291573e-09,2213.4831609525463,312.34887644236915,5.716675281549747e-11,59.21813100534388,449.3240218115484,-0.40259417688674937,0.8245601658679182,-0.04792773866661475,7.28659867522342,69.81967604440368,-68.76208757628446,1.8542378625572786,36.70143764965241,-22.996696296128746,82.12403359689995,-26.867825769782215,3076.8000545612936,0.0,0.0,0.0,69.70609462764517,-68.24744756149181,3.2002149360456573,36.78948374196556,-22.61106413729476,80.19405824994647,-51.51787156488735,2977.9888740461893,17.51996021668976,-10.034508280614057,-448.87017746167623,78.67774366700041
55,1,20260667,True,,8234.939043313181,8233.496012130223,2.8860623659165867,0.0005774434505635427,0,0,False,False,1228.8200327228087,4742.66401208377,4583.799011413439,0.016876511666907134,95.2213794797382,82.32486637962367,0.11992171746292438,0.8629870221299987,-0.019086812553102225,6.455253675960443,69.6781325020994,-91.47312478323529,15.75481328322423,65.63315261324955,-4.3158560834424415,43.76950379757294,84.49053008831565,4891.081349094042,0.0,0.0,0.0,69.63810086986892,-91.18939669908444,15.59830403727051,67.62006366176261,-4.5486325078607255,44.05482225999963,90.7800798689896,4865.823646090268,28.019596843466438,-70.13173079232944,-32.76928673658809,70.66230083299979
56,1,20260668,True,,8098.875336926063,8090.151944678144,17.446784495838074,0.003490753200447794,0,0,False,False,3621.4443120564406,3621.4443120564406,3621.4443120564406,57.81265936887464,85.05928925475934,732.1820094992111,-0.2560138379876216,0.7649497186247022,-0.013747634503386508,6.12302179979736,74.29366257153532,-98.29711917429307,9.40436413582046,52.87076013525442,-18.655917980455147,64.26352661970984,32.54301909316552,3892.1614300973993,0.0,0.0,0.0,74.1020375448487,-97.96931599197823,14.72655256653504,56.720263921964154,-20.184281433497553,63.144785834938055,-13.800221295286375,3714.6319268803095,566.8948612027475,-103.49097009053682,451.6750275208273,66.23684341700027
57,1,20260669,True,,8291.36453240213,8161.069311478312,260.59044184763843,0.05213894394710653,0,0,False,False,1.0002622730098665e-08,1.0003532224800438e-08,1.0003532224800438e-08,8.607099222690327e-12,114.32300304125934,5529.401012273345,0.3569538135813602,0.7627464882030749,0.010147079021592611,6.391216733487016,71.91290597595216,-68.34682115917686,-16.035168488290534,21.07362409097529,33.42013513816191,37.868696672595846,166.41819142251836,5672.306062537763,0.0,0.0,0.0,64.73646649826082,-0.027851699244890313,-76.74121082487285,53.60293220627652,-49.67389497015895,15.149929955262316,680.9268489887263,8876.38549916579,2500.0,-312.0942939507666,-4922.080119849013,126.59134158400002
58,1,20260670,True,,8228.575425528325,8200.276132447443,56.598586161762796,0.01132424693112501,0,0,False,False,22.74216902483795,3139.0279798436936,2536.805888395208,0.0016917080850061242,71.85643970328309,443.08402277284347,-0.15764763638249024,0.8190650471519233,-0.008941694444850932,6.7981000039381865,67.80727535633117,-88.0197567086926,25.815928626588438,39.2204143323358,-27.135731704260944,65.87746371434424,76.04398992429932,3485.9827580904484,0.0,0.0,0.0,67.02865521404696,-84.79451183657628,29.875048200867298,48.92755342444504,-27.781594701878,62.20087072481085,38.893782343385816,3412.418449316673,332.59812584010075,-286.9687209874569,57.88688192536623,85.74237179200009
59,1,20260671,True,,8176.654596424935,8152.353483819956,48.602225209959215,0.009724334775902205,0,0,False,False,0.00027456553652882576,4041.5886688060473,3941.81940488131,3.5170118139357844e-10,93.46657971006718,858.2450780315455,0.10924787292791684,0.8805062457450343,-0.03409428572866699,6.263872654950598,68.99121737237137,-97.07400957238399,8.438525511155898,64.06780664107023,-3.7287790299053487,44.51812925629421,282.7163968171125,4682.08881894397,0.0,0.0,0.0,69.13882015621141,-95.08899670334665,10.154363256545516,71.64273380717297,-4.179818341914569,44.81106060235564,288.9106094815775,4563.3706946359325,298.22831310768447,-231.18944607466153,-770.8410518712725,48.11733162500013
60,1,20260672,True,,7891.255805747682,7882.912475534949,16.686660425464652,0.0033386675521137757,0,0,False,False,9.999894245993346e-09,3038.3296956082086,967.0388006027933,3.2017558145602705e-11,122.37822474676096,603.2921578500636,-0.29833680749938474,0.8415978310108443,-0.031231807792189432,5.634828454251463,75.47814068424428,-80.02424462349471,-6.357536454698963,61.06261109676306,-9.047223465542944,27.748733608697737,324.60595268315296,5230.983539987933,0.0,0.0,0.0,75.62234161503075,-79.56604691262706,-10.240271275479923,57.47699276700557,-8.535998937502438,28.86645848330054,314.3417039713821,5326.11322726652,65.39941025936093,-51.02293544297315,597.5625531439333,56.68944529200007
61,1,20260673,True,,8345.083389145535,8341.535487288209,7.095803714651993,0.0014197286343841523,0,0,False,False,0.00027487947954796255,3881.9702945650997,3054.8824294305196,6.573414023738142e-08,83.04391299405859,357.58222833908496,0.25173681898209777,0.8346763244387024,-0.06478931317707672,6.8353710802713294,67.58957306963838,-86.11122182100226,19.781875444005514,43.63989478791602,2.216376130886308,52.07684250283426,188.50982327117183,4544.490889101018,0.0,0.0,0.0,67.8722376541044,-88.30406105315635,19.9518256270059,51.2000055068076,1.3063069337590267,52.700562314150204,204.8955495135013,4614.150763078073,38.128565609213126,-87.6073255520469,-344.5812226720242,66.73420749999968
62,1,20260674,True,,8154.951758834341,8148.675636866534,12.55224393561366,0.00251145336847012,0,0,False,False,1.0047187970485538e-08,4179.282299731573,3665.680014238664,3.588936085687378e-13,94.10155735358597,220.76077700187597,0.11918137049480117,0.862089824895929,-0.0022113522773546494,6.337431401599867,71.78610721602054,-98.97767271627895,-3.53220311582354,73.34350728496977,9.784733697814586,50.21008079557853,122.30489926412085,4541.05821663965,0.0,0.0,0.0,71.8282293853656,-100.960162625725,-2.584919432724956,80.23580353916368,8.710869446189335,49.55490141714523,119.15956388681892,4519.955466612335,129.9279676252803,-160.0344415614193,-79.01279266904059,66.48320758299997
63,1,20260675,True,,8359.691910654403,8349.036543642549,21.310734023707482,0.004263852345679768,0,0,False,False,5.081710696686059e-08,3895.036103076048,1233.4651408927266,2.5305620521817075e-10,109.55464298135269,810.5603545903083,0.03684520277766665,0.9396582288558831,0.0018888796015590146,6.64819118563519,72.06028735116287,-135.82028255201516,5.004759647623602,137.01449496626074,8.053859224086318,36.4054386259261,322.2359539611455,6093.15692026345,0.0,0.0,0.0,72.21595653591147,-139.481423131271,1.8220159266888287,139.9620788992342,9.32686661950011,34.877270090470255,336.256161683498,6157.39544887736,35.86772217894879,-11.366174361736041,809.6866091393871,68.57845758299982
64,1,20260676,True,,8122.21362557782,8111.1352185216565,22.156814112326174,0.004433136076895993,0,0,False,False,1.1807969713117927e-08,3499.8022330722843,1713.1884870747635,5.391401577537924e-12,97.79163238007106,396.1905969588902,-0.18505216374935188,0.8505424365471239,-0.04905184057523541,6.210338649379391,71.15803679386224,-92.48950418782348,2.0751472575398853,63.799493970444075,-15.317100704631201,43.81782581562918,80.25470706190366,4715.645096470714,0.0,0.0,0.0,70.55636069816522,-92.10936739618184,0.03045173944999089,68.26145576973974,-14.132608217091997,43.32108901625938,96.56749037051624,4614.813900653772,211.14023550328454,-185.32316415024167,279.3601884657187,66.222953125
65,1,20260677,True,,8145.796140617011,8138.402526262025,14.787228709970805,0.0029586291936716295,0,0,False,False,0.0002736734750214964,3764.2723310973292,3595.1833252468373,2.7169805748791676e-09,82.26908263010776,207.37582004546775,-0.36345628241840683,0.8494927630329989,-0.02892364532419617,6.331235835813955,69.70009446067002,-65.83610810041586,0.554301164942171,24.947036255163816,-28.700147766555574,56.76397314957492,67.06415528984905,3969.8868518142554,0.0,0.0,0.0,69.79681995919775,-60.6297570107157,7.755909995048194,26.040758038938908,-30.184073918397598,57.32455728828773,11.592462050853985,3848.320278108519,115.04777176683803,-162.3389741929898,-58.43627648116839,47.00744412499989
66,1,20260678,True,,8354.507016691085,8347.620717259168,13.772598863833991,0.0027556220215754286,0,0,False,False,9.999894245993346e-09,3358.804604399802,2093.0759558908376,6.9322589327590155e-12,77.48545402335495,283.37090177521293,-0.18677885127400864,0.8599568628551484,-0.042311367077734155,7.06297488570774,68.2855873110757,-93.66490482834661,-8.619638259362166,49.47111037264793,-15.287370153659188,59.29540091472898,74.45900965426917,4202.83057636942,0.0,0.0,0.0,68.23491230654588,-96.0822038770146,-10.1812824772892,57.65479018925629,-13.929127733357348,58.984370589736805,70.59876102373948,4225.153947400963,74.19433633744003,-126.82518953849323,242.30072168045527,81.16592170800004
67,1,20260679,True,,8030.981921340523,8023.25767156302,15.448499555004673,0.003090936285515141,0,0,False,False,4439.232626169834,4439.232626169833,4439.232626169833,1.1641426134012575e-12,105.02217141080001,767.2240677294105,-0.5282958621977214,0.7243425318601889,-0.05339412503376451,5.98275621247638,75.64094380950004,-96.506483907333,30.85324860670017,68.1198569813132,-48.31511681273701,47.64946344711942,-183.05967439449606,4723.443852075956,0.0,0.0,0.0,76.8409020076404,-84.21596564084325,51.40407626759904,64.7450569942873,-56.6559143023063,48.65963260448078,-354.2696873556543,5084.053623891032,198.06060312556403,-196.34211144338673,714.740892118783,57.11696237499973
68,1,20260680,True,,8017.34172877765,8013.049525541333,8.584406472633418,0.0017175683218554258,0,0,False,False,1.006628735922277e-08,3938.8121325632865,3150.1458033698664,1.944392708480994e-12,104.92451171768938,185.38035858380087,-0.006745049387719217,0.882843518533833,-0.013566931163773768,5.949502362479941,71.03002239433934,-104.96152994527591,-5.27785949204895,82.3038883006292,3.0192608806688908,36.62894830161498,264.08208478296416,4829.662987047497,0.0,0.0,0.0,71.04984674683551,-102.80188367679656,-4.5217038068592155,82.84276353942766,2.5158732628968354,37.17518177598164,248.98658887902297,4751.447430000934,79.31785679185857,-106.5404608511141,-129.32008793778726,66.44705329199996
69,1,20260681,True,,8240.678871051074,8207.758649434276,65.84044323359558,0.013173357989915082,0,0,False,False,1.0054463928099722e-08,3413.8219517332986,1947.3084250838542,3.3131347837118117e-12,88.46985145415431,681.9659114085538,-0.14394983755258886,0.8776615930259885,-0.02078399816574177,6.43700132840786,73.0965880687816,-134.68739773374716,14.36712447561637,115.5259649003025,-9.625728840152771,59.50580474250062,13.15988331486033,4418.086307659819,0.0,0.0,0.0,73.31532048252969,-133.48369143036507,13.856078813495222,122.46519292006589,-7.979158568668604,58.16078951090507,19.325987205466806,4262.862579554166,438.962614013805,-314.8413950697584,416.25019372006903,115.05955779099986
70,1,20260682,True,,8091.249548984073,8079.599831329795,23.299435308555985,0.004661751762416164,0,0,False,False,1.113630787585862e-08,3494.3985481145874,2624.4178104358707,3.289211596380931e-12,87.88735965576558,270.94142667626534,-0.06670164550823443,0.8264022757266166,-0.03224455425019094,6.176250313144825,71.27159281144894,-51.210111343018106,12.24172737362693,5.592005989046323,-16.95528469288557,57.977810053731005,108.13791211637529,3907.6295106697085,0.0,0.0,0.0,71.47722534530459,-49.85276306132537,10.078380676287777,11.057766379717659,-16.380037511001138,55.06709103484361,106.23423083939363,3983.9767713479678,171.73505279850826,-191.8642382608904,84.28785444079075,79.9256752500005
71,1,20260683,True,,8503.939983862158,8480.984707656233,45.910552411849494,0.009185784796288414,0,0,False,False,0.000277506926067872,5768.817173001101,4900.3794136316355,3.3189693504238738e-09,111.12607634740979,885.1941362759735,-0.3263503211488218,0.8313799349774266,-0.05389005047518852,6.830999972450317,70.63988677125077,-101.97572402142531,-11.89052676735357,61.609443437718916,-24.34540022346256,29.636636664288712,65.46715779478504,6858.232802331774,0.0,0.0,0.0,70.32692830400735,-97.74952339092053,-7.297681165140466,63.4634868117156,-23.635976400435496,29.52778026060491,10.63425100431152,6193.288493926085,783.2464294889105,-303.7602273882929,-278.9684818169474,43.01749095800005
72,1,20260684,True,,8018.60146371446,8017.135657862152,2.9316117046164436,0.0005865569637087722,0,0,False,False,0.030003996763298346,4623.026061043611,4251.860681778289,1.3042055253631228e-06,108.37754842315894,95.46426041342818,-0.0030877694739490833,0.8949880857010369,-0.014682632308914425,5.91913471970789,69.49212689323173,-90.27592365583686,2.5476814990197347,72.74251835260567,-0.5744067309313344,29.787851318595038,127.23258171673102,4998.427537855654,0.0,0.0,0.0,69.63705423372649,-88.51928421475996,2.3227510734937997,72.32800919039319,-0.3852193048296894,30.89656004429404,131.41376914115597,4935.982567422312,39.733091607922134,-69.64705381709757,-51.80728078328,72.91396704199997
73,1,20260685,True,,7935.466606066055,7930.927866436292,9.077479259525717,0.00181622234084148,0,0,False,False,3254.391801689802,3889.4297872270295,3254.3918016898,5.904450116188766,112.85608211151121,313.88618434182786,-0.056478899362397736,0.8450308161900003,-0.037125310669490076,5.716729527430026,73.25447604012014,-99.90524977664384,1.0610194123276246,76.73944057846872,-3.701973775940479,32.476826278315784,144.04511095597627,4942.886255785845,0.0,0.0,0.0,73.36328880548474,-98.77496951494126,0.34105690960223956,76.76581341825084,-3.5089053973614566,33.87049549945827,130.80502320411387,4827.804828911035,128.2277489234335,-109.79627339341684,264.62607482184916,60.21606775000055
74,1,20260686,True,,8226.585392494299,8221.793635152486,9.583514683625253,0.0019174699246949287,0,0,False,False,3292.8730055782526,3292.8730055782517,3292.8730055782517,-2.7331075177052517e-13,69.76366173627974,221.7534376256208,-0.12067234668058097,0.9270016980766352,-0.0026219168236685676,6.642923916255706,70.19419514491766,-104.24342869622087,4.5453455328810675,101.39489630635269,-7.319949244858297,72.68198809185743,214.34495521509348,3408.2604810311927,0.0,0.0,0.0,70.08113155064807,-102.14871892525048,5.008515422314058,92.87432206340763,-8.591254936496734,70.39860136501639,233.34807729788636,3486.240928103767,44.71314364353483,112.20949648114326,185.96868226596922,63.05087399999957
75,1,20260687,True,,8066.034115950246,8027.4374719435955,77.19328801330084,0.015444835536874918,0,0,False,False,0.00027352594770491123,4117.470574301864,3995.6983910802146,2.3207352626794286e-10,105.1612937775273,1460.4761995660112,0.20119203364983565,0.8112216691445888,-0.035293730414715875,6.072851756456083,71.42079289852754,-98.3318752114149,5.822587647665111,55.45641667289794,1.9657805016096854,42.44533946493032,277.6928842610462,4696.551077121239,0.0,0.0,0.0,71.91480688357083,-92.00264632502893,2.0145123148592843,59.41336029024196,2.9624228595236084,38.66831998961437,317.191237536357,4835.692252189819,609.8445318468758,-307.11158413070916,-1291.0317003729888,52.13949795799999
76,1,20260688,True,,8150.464475249251,8146.0431033386,8.842743821302065,0.001769256466847152,0,0,False,False,0.003868578394076394,3677.7134094212543,2591.5940117868136,1.7834954703935358e-06,93.48022077410344,125.22705267569141,0.04654416282155051,0.8381891909778938,-0.049370441692662255,6.28014969070146,67.44051277946845,-69.86394384409138,-30.16934523934383,22.40879555738565,13.49512121048078,42.29638616292,222.19911885119936,4564.747130881377,0.0,0.0,0.0,67.67271766761559,-68.33930307005552,-33.689369325502675,22.67028630950192,15.376958557393538,41.86521456112773,249.26302126694225,4585.689286741188,69.82890379015606,-103.81384063852336,-5.331548479081339,50.356816792000245
77,1,20260689,True,,8099.821860011445,8089.345975538427,20.951768946035372,0.004192030601447653,0,0,False,False,4209.733465373625,4209.733465373625,4209.733465373625,31.51328432442977,96.4665556535616,662.3902719876013,0.1338606379068568,0.821409418040133,-0.038660674448244906,6.096702106878357,69.9351882432254,-98.43859750680681,14.99247918708515,63.34196534506033,-2.5043906062959715,44.46913211592219,112.02648664659195,4509.295956236036,0.0,0.0,0.0,70.32755746371384,-95.88829830584704,13.211151391660055,64.90526668673343,-1.7894313174877938,44.18855927386609,125.85790184837536,4365.559050650724,424.9128156883809,-140.73455061164705,-488.26607270188066,57.027290291999634
78,1,20260690,True,,8006.656256461015,8000.360494823726,12.591523274577412,0.0025193123798674293,0,0,False,False,1.0006260708905756e-08,3510.6477167269395,1859.3295844161344,1.9422422759543177e-11,103.73352320436382,429.4078741596962,0.01692011009163063,0.8456933795378041,-0.01128047425380144,5.902615865486791,74.77881511312688,-105.1787938455022,6.063385890367788,83.03370872280102,-4.950470407743802,48.85372882368119,118.71541755432436,4479.345259067872,0.0,0.0,0.0,74.85978885773875,-105.14252008747155,7.458689300681679,81.31578123247687,-4.407200805288424,45.98605451111367,133.82745358005312,4584.827324817157,47.78373102034127,76.77701149723123,-419.7774743190482,72.33059741600027
79,1,20260691,True,,8324.05658305794,8319.29822019597,9.516725723940908,0.001904106787503183,0,0,False,False,1.7958427633857355e-08,4698.5008205098375,2919.717248827843,8.151217470191137e-12,110.07742244736689,201.50756720393147,-0.2746446024053219,0.8310136563681744,-0.02499899414057274,6.573639934443929,70.70493648413581,-146.1732471382732,-30.674851363388306,108.6825974597014,-3.5727997415892827,34.15691630860324,213.87888353738938,5933.135032366431,0.0,0.0,0.0,70.26969965143141,-141.77657953356268,-30.511567222335483,104.95304852212061,-3.730093591324288,30.461976855495937,219.92658997338944,6097.4296107248365,94.98005443801574,-100.89767282805968,146.30019999056856,63.707489708999674
80,1,20260692,True,,8231.995790851783,8221.77710055127,20.437380601026234,0.004089111764911211,0,0,False,False,1.000444171950221e-08,4287.636611776532,2480.754390377692,4.947618560598237e-12,104.29321683595151,533.5472592382558,-0.07166021907135335,0.9015038654884359,-0.053110979466604875,6.269423361581679,73.46443294731039,-112.582435541458,20.93539447789844,104.27177222229169,-13.302894686219842,43.90092022471617,21.82784088886656,5293.463875571939,0.0,0.0,0.0,73.07609170926082,-108.94596676232536,21.01969923969698,102.9190117584844,-14.814109033514297,41.85896658257013,20.195075057805727,5312.595149802803,149.56836340923115,-151.20775565959448,489.3242249634971,94.48716758299997
81,1,20260693,True,,8397.300036764882,8358.00799141892,78.58409069192567,0.01572310738133767,0,0,False,False,0.00027551840321393684,3117.9937782210236,215.07132957905014,3.266078772851968e-07,92.35657050062008,1237.0311935940258,0.03690842431959243,0.9255633045759795,0.009261684508581187,7.029807756672738,71.78235700549122,-74.42073025610279,-6.622104907112424,70.14245098860994,3.9382699944215975,70.81248080398731,-122.58979453770753,4024.3854037600317,0.0,0.0,0.0,70.81182657383302,-89.34587654689417,-7.365481362001263,77.66481690516221,6.74396250660845,49.267082647045946,-121.77471297826978,4878.574157585049,346.17775781258786,246.33628137479766,-1161.77690216278,45.93224187499982
82,1,20260694,True,,8012.7848390157815,8007.41360707488,10.742463881802905,0.002149352517367528,0,0,False,False,0.0015957309256009466,3483.137621674449,2235.2471888478885,8.135356403197967e-07,98.09412293616323,157.27335058710577,-0.03938046593801436,0.9115741185585465,-0.0003195976363187356,5.997193846085741,68.1539808468361,-100.0526582374945,-20.261688661285586,83.83393842884674,11.951155467909178,38.51785187696458,199.3694382659049,4462.3775687579555,0.0,0.0,0.0,67.96227813542531,-98.31915769494832,-22.1760115185919,84.73945580715939,12.915661157330181,37.830433334687385,199.15166637603966,4423.487722639195,92.38760380036658,-113.25609036587986,58.07319057841431,57.819716250000056
83,1,20260695,True,,8234.071190987288,8224.91153578409,18.319310406397562,0.0036653282125645383,0,0,False,False,9.998984751291573e-09,3029.099585614872,1524.458301664994,1.8693068785839117e-11,79.76873748154132,524.3877030000153,-0.31643649540546237,0.8529028978825342,-0.04502970333464121,6.449020627240139,66.55318366118937,-81.89306114959861,-1.5333516219137788,50.691400810604925,-24.814060868055275,55.461105409720005,81.54844611673616,3958.3163734467184,0.0,0.0,0.0,66.82242068860728,-85.04365135694486,1.4650241314867145,60.38450014496588,-24.658707333816547,53.87610389567324,45.82644854565562,3885.375328517279,65.32690811337251,-105.23848529919255,-509.548544641147,51.821147999999994
84,1,20260696,True,,8196.697501443072,8192.690912463098,8.013177959946916,0.0016032769027504834,0,0,False,False,3056.8428717241322,3056.8428717241322,3056.8428717241322,68.18062326439274,68.04886136197113,345.8092362510553,-0.15311407105711602,0.8478855981071104,-0.006419351987721012,7.312160693336115,70.37422888704035,-112.480067693424,8.442285513931822,87.11455354658618,-10.980310897483315,73.52085219938336,73.67737052510275,3259.5217940323764,0.0,0.0,0.0,70.08695551333382,-113.56072612390255,11.56694787230391,92.0718783033395,-12.409685899055038,72.1250496646965,64.4429169747278,3071.3240819942976,337.8780134701167,-62.70760429567272,-38.60352643895597,52.28629095799988
85,1,20260697,True,,8146.610930553426,8109.95795800748,73.30594509189359,0.014667055840715005,0,0,False,False,3382.0149185327014,3382.0149185327014,3382.0149185327014,25.321362288433935,82.02407032391328,764.3509014109695,-0.16171218130948933,0.8459736769213253,-0.022549999203597765,6.622004665916812,69.69097372562403,-118.16948762493786,18.85454137563921,93.2945630697968,-16.22981790582657,63.39821078693894,64.87891287326988,3623.831523950776,0.0,0.0,0.0,68.81886424044659,-115.59664945331772,18.598724568237785,100.08487551904281,-15.937901951556078,55.613658156979895,53.68790819815946,3556.404731027496,638.8824403591509,-267.64333840744297,323.1540983719944,57.34835983399989
86,1,20260698,True,,8028.568681056093,8021.8111497553155,13.515062601554746,0.0027040941579741387,0,0,False,False,3935.0405244353738,3935.0405244353738,3935.0405244353738,36.03172314092096,97.8383973403412,436.40983074180633,0.28686974288102374,0.8821163445742273,-0.033200226793851005,6.010966420477048,73.60222145047369,-101.67578208774259,17.789011738524767,94.63998266393303,1.5708529793459733,49.487554251112094,170.909313913865,4406.7771451591125,0.0,0.0,0.0,73.11476466097493,-104.10858278731887,20.493339022780795,91.45410473318994,0.9961831448284699,48.39113198160866,121.69746735306599,4048.9385126825614,412.6368746046897,130.36666183004775,-56.47020070670563,44.06190966599934
87,1,20260699,True,,8092.9591246119035,8086.143425504413,13.631398214980436,0.00272737059123258,0,0,False,False,4115.742562271812,4115.742562271813,4115.742562271813,41.0642425200194,97.6552213330647,490.1992327884602,-0.1341597277241704,0.8246788656987236,-0.04013683004233883,6.088486965339272,75.15537191056693,-70.62077214626301,33.03599748499574,37.712539495195564,-26.199575381121903,53.47624003580837,-53.45481265952648,4499.147460653274,0.0,0.0,0.0,75.29615878812459,-67.93355509643442,38.93629870820142,35.49417455388763,-27.92362531971897,52.93709624318446,-106.94377386468179,4265.606358096523,412.4465113065079,-125.45119332089611,-233.33486930128726,52.884983165999984
88,1,20260700,True,,8245.94258718107,8231.060762052151,29.76365025783889,0.005955112096406341,0,0,False,False,3639.7125153898155,3639.7125153898155,3639.7125153898155,37.615365368348655,79.12750690502638,527.3399482152246,-0.09538630569285855,0.8995175406905251,-0.0040379656011922975,6.538859446711189,71.86529099004562,-98.9352939911311,11.131725824482773,75.56772304352822,-10.916754540039488,61.85441571721475,-7.692972401738964,4161.957773185099,0.0,0.0,0.0,71.15212282548728,-95.86304568997028,14.826962345649134,78.63739131715846,-12.307541684184505,63.176738745948185,-45.49548380345286,3664.7378075810975,478.57438402081505,-211.25087964784848,-66.5360488062177,63.6110418749995
89,1,20260701,True,,8245.23469883516,8239.865391796338,10.738614077643433,0.0021485822484280576,0,0,False,False,8.204369805753231e-08,3596.8714383074985,3056.2599367845487,7.273055161080548e-12,81.58508965856335,260.4733384870447,-0.06505786789639934,0.8532057658503855,-0.006736285718400697,6.701213050134273,64.04521347626753,-89.59131188658944,-9.285589741325708,48.027905505848864,-7.955270569769202,45.28180307783886,281.79496780189316,4335.184514848154,0.0,0.0,0.0,64.24859656299326,-91.56261055366284,-9.994461459688292,56.46115797601102,-7.319784324694828,46.912103467423165,279.10263414991203,4216.75780475888,69.69797611659143,-113.65483030741846,-223.76579661697528,59.52078487499966
90,1,20260702,True,,8205.653791450404,8203.348695760113,4.610191380583274,0.0009224072390122596,0,0,False,False,7.469509455404477e-05,3383.2586947868194,1785.9474440697218,9.545385756389421e-08,92.4911508160595,314.8269676375805,-0.32659698238761303,0.8042993593276612,-0.048678492840902456,6.422370778683043,75.25758030075924,-63.18390309598031,-10.876299768514318,13.177562703727515,-20.430813495787646,57.32773646575957,157.30485072419293,4627.754769431476,0.0,0.0,0.0,75.55543085783533,-62.41926120459767,-9.349159189984,13.890882238703622,-21.229435014382013,58.61971089961117,136.77128620440976,4679.829182710696,24.33898283480609,-62.16897252859485,307.6664627826373,83.88414583399936
91,1,20260703,True,,8199.505294151797,8198.035746194988,2.9390959136180754,0.0005880544044854092,0,0,False,False,1.0025360097642988e-08,4493.0569727243155,3718.13418661256,1.6473588143063232e-12,98.78517085555838,101.59317855142412,-0.12798102800699643,0.8245722938497342,-0.028427568558067384,6.320361327691598,67.97213831385483,-73.97132322301027,10.56036769264898,32.39492534654181,-17.741384465188695,36.59095765281074,134.4363245777446,5014.784935259014,0.0,0.0,0.0,68.1686952355062,-75.30894389057428,9.949245498794383,36.0610314547405,-17.45942447848395,37.552219615454035,123.5206340153268,4978.129060726374,39.25004542989891,-75.14918256753609,55.97506785492576,83.66441233299975
92,1,20260704,True,,8185.914141106378,8159.95488467748,51.918512857797396,0.010387857714645338,0,0,False,False,0.15501555718947202,4434.8428815670595,4393.899641935279,2.1536475237161328e-08,103.58261382959822,888.81132520826,-0.11156137676304481,0.91875661415641,4.310082733145464e-05,6.338289674397634,71.47050625856023,-83.1344929595033,-3.057830526518479,54.41384889978499,-7.099534952752386,34.98129844585584,331.236617146941,5483.261148640014,0.0,0.0,0.0,71.34271014156597,-81.14154321063388,7.086939402081515,60.07624991553153,-12.536620476907098,39.10280645353374,252.7617866092043,4863.197936474591,372.93249322301443,-241.51564344640684,-769.7903099465449,50.76391883299948
93,1,20260705,True,,8182.993666151344,8167.804737740466,30.377856821754904,0.006078002565377131,0,0,False,False,0.0002744258563325275,4017.3803002144446,2893.3665452181153,4.773821631638189e-08,99.80366295335976,665.9889893238834,-0.26255833158084824,0.8183649302595362,-0.04500683423631582,6.261235127279735,67.69420692263773,-64.65017102675336,5.7780290825535685,17.796361736891154,-26.756314638249894,36.99856202344963,155.91700012639515,4932.445553110862,0.0,0.0,0.0,67.94168401671793,-64.4829956024314,11.670030299895094,25.38562114045655,-27.228020085924864,36.079705080076096,102.33966610360922,4714.319018915185,241.98786490783016,-184.59132595987234,-592.3759359717219,53.60657883299973
94,1,20260706,True,,8357.206141671842,8354.540756884515,5.330769574655278,0.0010665805471499156,0,0,False,False,0.0002754164925136138,4579.659290414494,4374.025498592786,3.7174683984143435e-09,86.45648304682504,131.89972177682222,0.12332332793687724,0.8532358849183982,-0.036918917721635136,6.589920770523367,73.69472243865631,-62.405945307505526,-5.79877385268817,21.05932933763336,7.5311207523289045,61.05004460698368,30.192742295445708,4689.150879969233,0.0,0.0,0.0,74.0721266796299,-61.928934688271475,-5.494837117820824,24.491879977697927,6.9503946150443285,61.687770312434765,33.63510257733544,4688.286754927772,42.1732768722105,-101.88276581960191,-72.37992367784824,46.16855924999982
95,1,20260707,True,,8104.573885708569,8098.834426529138,11.478918358861847,0.0022967023527134547,0,0,False,False,3354.645787031949,3354.645787031949,3354.645787031949,57.65659984452939,81.2621501816827,555.4096956521366,-0.12800279956997354,0.8749670533698717,-0.0470766640301133,6.34210501263298,70.1149463684571,-83.660048909517,14.727573137019636,64.42067962934541,-12.45909660795121,59.495803225900225,104.82192949084097,3764.2130681720414,0.0,0.0,0.0,69.85676738725888,-87.33242647976812,15.36898879228961,68.43448766443385,-12.792242610958969,58.45138459283506,96.25132082177616,3400.55692071857,544.9275699196729,-12.548553677915336,106.66024267003868,54.956105707999996
96,1,20260708,True,,8179.393553458847,8137.464837766235,83.85743138522412,0.01677819755606725,0,0,False,False,0.00027232357024331577,2636.4879286137675,279.25908771067407,9.579299021317793e-07,109.9516836842707,1723.7611041218947,0.2599985187071549,0.8190760149498097,0.0038976767173169633,6.267557668985187,72.48629579758135,-105.97849554286643,9.935367204357423,65.11921896901774,8.53914570677264,31.204463479736276,261.4183963796799,5725.843898623082,0.0,0.0,0.0,72.62649182464534,-96.72383955556084,6.315291301388246,60.684130807834755,11.656214446222435,35.30129996501998,283.52334488761716,5863.937810334134,198.70267249356473,-138.7365968218123,-1706.640486080695,52.59696174999954
97,1,20260709,True,,8094.525071220794,8081.615481433173,25.819179575242742,0.005165902275958932,0,0,False,False,0.00027280064659862546,3829.4974695385263,2881.5765442675984,3.91707939654733e-08,97.60460449749584,359.44133336632416,-0.29887381583024686,0.7697703576430458,-0.028159505947225,6.0983092161647585,70.8385763808321,-90.24321446047652,-3.1858846947410586,33.4717215597611,-27.90754239837119,42.46422101531479,4.5219737740438095,4682.744092588584,0.0,0.0,0.0,71.14534526148238,-86.561690095402,5.8805818977737125,37.287183926736425,-29.499581377789713,44.68608602546892,-65.70417113593928,4415.008389794423,262.71224146891194,-214.89849285568562,-118.31731945449027,42.44381095800054
98,1,20260710,True,,7991.724618308472,7986.823852792486,9.801531031971535,0.0019610906426513674,0,0,False,False,0.0002732580524025252,4584.507905615584,4047.878691261751,1.7577441059501478e-08,112.52263445427675,211.84869591857807,-0.13382811514727594,0.8706172758889555,-0.04459291025444337,5.818357363028408,79.55575208702153,-59.47004798017277,-0.039773122669196664,36.25386301604552,-5.652532738391451,50.431641099259366,-15.47723041224551,4765.050996297671,0.0,0.0,0.0,79.79906511565667,-58.774216093038454,2.581271275915595,38.37923428621261,-6.59562273183531,47.0754957770366,-30.679603041400377,4873.491745093449,116.6998816512138,-147.54699117268353,-97.42121422402256,151.49268112499976
99,1,20260711,True,,8197.033438151206,8180.32075517522,33.42536595197089,0.006687748289710062,0,0,False,False,7.65235618018778e-05,3092.592034819826,614.8354601222645,4.5157364904928426e-07,97.37586046526042,808.7241668372316,-0.071218564810683,0.9162280599318382,-0.04980158318907154,6.291193077339335,75.19297512116202,-91.53190072432106,-23.170712653483736,74.00509601935345,9.770514238970568,55.61112843644624,193.81427040652224,4737.860639608591,0.0,0.0,0.0,75.15751572110966,-91.93888574412247,-27.677955013687484,73.5609648708166,10.847986924037945,52.9391709769589,208.81399451291276,4906.657468634204,66.02466745122395,-64.8961074905555,803.4077523568615,60.42542887499985
