traj,seed,observation,success,convergence,error,model,description,eta,a,b,c,d,alpha,beta,gamma,delta,epsilon,zeta,nll,q_path_rmse,q_path_relative_rmse,q_path_min,time_sec
0,20260621,complete,True,0,,M3,asymmetric drift with velocity-dependent diffusion,27.733254900429877,-95.96926200227112,30.186338212078237,114.95748934563682,-13.072701673767462,20.445679860929324,-14.1994668464938,1246.481657882424,0.0,0.0,0.0,-4105.731645251544,54.3994275644966,0.028344903787367,1244.016286856866,0.5610822499999999
0,20260621,partial,True,0,,M3,asymmetric drift with velocity-dependent diffusion,36.745111284897774,-158.72620081834768,57.95323204994829,193.43343105494364,-35.48230821276267,18.32930856657149,6.1120329650763265,1494.961429164595,0.0,0.0,0.0,6943.880708863781,222.51156807829048,0.1159399881786913,1494.4519181743428,2.725947917
1,20260622,complete,True,0,,M3,asymmetric drift with velocity-dependent diffusion,29.13065818708999,-99.38784028855233,20.775745235180196,122.18690470077613,-2.6182003691476763,19.97601946380156,22.15507749226909,1262.8168637760762,0.0,0.0,0.0,-4176.8032746296485,171.94493193767838,0.0895174451997107,1256.673939901402,0.7415942500000003
1,20260622,partial,True,0,,M3,asymmetric drift with velocity-dependent diffusion,40.706041068396665,-135.59317624094373,43.21924525226242,159.33129907391992,-21.03307307079272,32.105395263644674,5.808229919121343,1249.1594329814188,0.0,0.0,0.0,6923.827556594844,1101.903184423489,0.5736694697274846,1248.8967393247142,2.434492541999999
2,20260623,complete,True,0,,M3,asymmetric drift with velocity-dependent diffusion,27.859303322340416,-78.16816149687604,14.951134923708642,87.74947753365942,-0.4427044707861611,20.31229412295972,11.53130490797857,1260.6953707308242,0.0,0.0,0.0,-4132.415430967447,116.9218236688812,0.0599779453740308,1259.058814236815,0.954772125
2,20260623,partial,True,0,,M3,asymmetric drift with velocity-dependent diffusion,34.97712560561413,-110.26905421692618,27.138187222769893,126.53096458067924,-10.357776524403157,18.386800603468892,15.13577170832364,1415.507362998757,0.0,0.0,0.0,6961.216091881648,213.6290840060875,0.1095863298121953,1412.3924763756504,2.2613925000000012
3,20260624,complete,True,0,,M3,asymmetric drift with velocity-dependent diffusion,27.21742368296758,-77.64677358043271,22.882814151870505,94.35479802021898,-12.859704230791548,17.56856174809587,-10.666700154026763,1351.5955656113304,0.0,0.0,0.0,-3924.420351923318,178.3629669751449,0.0913105007540739,1349.976502362876,0.8050497080000003
3,20260624,partial,True,0,,M3,asymmetric drift with velocity-dependent diffusion,38.1296773612145,-129.28242258915353,49.891471572950294,159.3782307936593,-35.564025204277264,22.27390051889819,-33.05311101001505,1527.9978278645433,0.0,0.0,0.0,7043.168031642625,400.12854875924415,0.2048403812339519,1515.7356412841052,2.078167125
4,20260625,complete,True,0,,M3,asymmetric drift with velocity-dependent diffusion,29.2232729399015,-76.2464269657437,25.156047821739204,86.3645578297568,-13.526673550834756,17.97034019618366,2.47677204683791,1376.1771988134444,0.0,0.0,0.0,-4021.6702618915674,151.38006686703622,0.0798495832079622,1376.0918582876045,0.7241222499999971
4,20260625,partial,True,0,,M3,asymmetric drift with velocity-dependent diffusion,37.20730783204043,-126.63231299327155,54.19106839478901,146.07957438224528,-34.647733958264816,17.666693497270437,-32.43931942449277,1496.2762524859852,0.0,0.0,0.0,6908.832055602119,246.17051042598283,0.1298494118969528,1481.3851933977635,2.5481862500000005
5,20260626,complete,True,0,,M3,asymmetric drift with velocity-dependent diffusion,25.822606166098264,-88.54246769073217,23.628137203413157,101.759475569146,-8.677835741841934,17.637717033827073,-17.632312079131527,1380.1788202774396,0.0,0.0,0.0,-3737.236673504447,239.6091608540247,0.1175048386879794,1375.7721115978943,0.7228446250000005
5,20260626,partial,True,0,,M3,asymmetric drift with velocity-dependent diffusion,35.83169169302192,-129.4835285978584,46.15983180873867,149.3904955448917,-26.27610213209723,20.635707430660055,-2.7333002477005004,1473.2199442081153,0.0,0.0,0.0,7067.321935667103,227.30481578148445,0.1114707618698943,1473.1295497546605,2.4512227919999994
6,20260627,complete,True,0,,M3,asymmetric drift with velocity-dependent diffusion,27.081948951679333,-86.49541156603061,18.414262769354977,102.42925077424644,7.495903898836271,18.140314798774416,-8.610680369836077,1277.7050974464669,0.0,0.0,0.0,-4173.030400242249,185.1591622042552,0.0940057430364393,1276.683457146122,0.6654867499999995
6,20260627,partial,True,0,,M3,asymmetric drift with velocity-dependent diffusion,36.827403735051895,-116.8400991564598,39.658914181305306,137.61184898651612,-5.395224098156633,24.15790383516576,-7.504741989638991,1291.3130231135203,0.0,0.0,0.0,6919.454000644151,415.0890120319361,0.2107416696953866,1290.7302099327171,2.609611333
7,20260628,complete,True,0,,M3,asymmetric drift with velocity-dependent diffusion,24.797964862379565,-95.6509842301104,11.726831079115032,116.70442000073696,1.965524153261708,20.79344157570753,0.2023133382577699,1220.5407844893953,0.0,0.0,0.0,-3856.533527260744,101.6775020315448,0.0503386362331424,1220.5407844893953,0.6123644999999982
7,20260628,partial,True,0,,M3,asymmetric drift with velocity-dependent diffusion,36.92872055439538,-133.67855903997838,36.64757935429991,156.92688931702506,-20.49065970306024,23.985948541960532,-27.53560798410503,1404.3968104294686,0.0,0.0,0.0,7044.394565594097,523.2270188648811,0.2590399453540811,1396.4941698851285,2.6250207499999973
8,20260629,complete,True,0,,M3,asymmetric drift with velocity-dependent diffusion,25.92187405852818,-94.4801197817353,14.085317869753338,107.01798063911517,4.8623529430110315,18.332280994609626,9.5982391836887,1348.7247066917737,0.0,0.0,0.0,-3799.3280830202593,218.8319990402869,0.1080640521042721,1347.4707779939652,0.7004662909999979
8,20260629,partial,True,0,,M3,asymmetric drift with velocity-dependent diffusion,37.12129352329928,-135.27433309693637,26.982978372721405,156.85575055923476,-2.743499107382844,25.691609257339447,-14.01750199563349,1457.297102513506,0.0,0.0,0.0,7142.463735791611,720.5722740901778,0.3558344305845296,1455.385094079665,2.455903500000005
9,20260630,complete,True,0,,M3,asymmetric drift with velocity-dependent diffusion,27.327243221441044,-83.14610405214458,10.65378099325168,100.06033810122985,6.862076527197174,18.400849184598925,5.207278658012484,1320.1642514179716,0.0,0.0,0.0,-4006.408697977505,172.66160632691106,0.087346369956117,1319.795847961201,0.7698773750000001
9,20260630,partial,True,0,,M3,asymmetric drift with velocity-dependent diffusion,37.0662838293206,-141.33880649635535,43.32985775068185,172.37457731576328,-18.329564000438495,21.05112614099065,6.50081083279123,1368.1393922539548,0.0,0.0,0.0,6884.542429255705,185.63653192934896,0.0939101491073307,1367.637525887407,2.0118607910000037
10,20260631,complete,True,0,,M3,asymmetric drift with velocity-dependent diffusion,22.235091613768144,-93.38384153646858,16.638791908481476,112.79674463849952,8.988952409122371,20.59573122372924,3.389419388163853,1162.638413155936,0.0,0.0,0.0,-3836.5455542487016,134.8762865425357,0.0644798016438845,1162.4992084406767,0.6066938749999977
10,20260631,partial,True,0,,M3,asymmetric drift with velocity-dependent diffusion,34.299890516653626,-151.79559889595322,52.71204512363714,183.40050881309696,-15.550784289704954,24.511177332813645,-4.6028278135119685,1311.733113833034,0.0,0.0,0.0,7089.796857845398,610.5275787449818,0.2918726351735857,1311.5170671054875,2.2100752079999992
11,20260632,complete,True,0,,M3,asymmetric drift with velocity-dependent diffusion,31.253658547436768,-55.02674832748812,22.744080528386455,65.22861969074708,-15.675966898205704,21.90940748865951,7.929799852906746,1271.1772236715894,0.0,0.0,0.0,-4239.022865381783,185.24461937654604,0.0986216955476614,1270.4597863714628,0.7549833329999984
11,20260632,partial,True,0,,M3,asymmetric drift with velocity-dependent diffusion,39.23093551486307,-125.95581081715326,50.91936983575163,160.0682122317162,-38.279627241309264,22.909806101979395,-0.3519057447993864,1298.9239145492504,0.0,0.0,0.0,6749.695540397635,261.51452459411274,0.139226747381994,1298.922565775193,2.109087916
12,20260633,complete,True,0,,M3,asymmetric drift with velocity-dependent diffusion,25.873651731956883,-69.51978593671046,7.65491789801503,82.26535462585616,2.9879854360043523,21.30821340759097,-6.668877092348421,1190.363722501188,0.0,0.0,0.0,-4090.332625106678,123.93593874217216,0.0626001437700201,1189.8419530140543,0.8060515830000057
12,20260633,partial,True,0,,M3,asymmetric drift with velocity-dependent diffusion,35.76596439734283,-131.81404605572763,50.761381072633306,155.3931433020947,-35.688098638031725,21.42971016698587,-26.234930889107567,1392.5300627317847,0.0,0.0,0.0,6983.734151751818,237.0138417562817,0.1197158848354238,1384.5008569659294,2.6141386250000025
13,20260634,complete,True,0,,M3,asymmetric drift with velocity-dependent diffusion,27.19025615905148,-79.29440827022314,15.649430000883417,91.68189009174182,1.0399842547106113,22.207533262548004,14.0322935644534,1229.392202586848,0.0,0.0,0.0,-4008.59466650359,298.2409663314642,0.1492244453964019,1227.1755591189824,0.8207476250000028
13,20260634,partial,True,0,,M3,asymmetric drift with velocity-dependent diffusion,38.082391775042176,-121.41750045530765,33.572337170261605,141.52605918482843,-11.436727301732873,27.337481574387336,6.919509389006514,1347.9693226177149,0.0,0.0,0.0,7030.502043278932,945.5852933761416,0.4731222632313551,1347.5329747759076,2.3433828339999963
14,20260635,complete,True,0,,M3,asymmetric drift with velocity-dependent diffusion,26.078322125495248,-96.1929814096576,9.353401853598506,115.57429893870706,3.0386172709032464,20.406517251498496,-14.816282972412065,1253.122487355757,0.0,0.0,0.0,-3989.4540169829343,63.587457370233246,0.0318209901128847,1250.433493328119,0.6811812079999982
14,20260635,partial,True,0,,M3,asymmetric drift with velocity-dependent diffusion,37.76919593184952,-144.8117129003351,32.664080173930415,172.60329009673862,-12.390216078644029,22.18557834111528,-41.644185854448025,1493.3126292242912,0.0,0.0,0.0,7024.710484364852,436.3145722905421,0.2183443443905384,1473.7704090956863,2.7905698750000028
15,20260636,complete,True,0,,M3,asymmetric drift with velocity-dependent diffusion,31.10566335809741,-78.93493256175873,12.362644869493028,95.78331570770158,15.11668668997512,24.23030574081103,18.66192402928646,1229.5426512837664,0.0,0.0,0.0,-4204.723893664339,375.5518399443832,0.1974582874489426,1225.9496023712288,0.8265268330000026
15,20260636,partial,True,0,,M3,asymmetric drift with velocity-dependent diffusion,41.30960270406091,-115.15226369093637,24.467635930809124,141.66817346164183,7.381725666564956,25.242555017206215,30.818187000800513,1423.4664777397982,0.0,0.0,0.0,6875.602958093823,557.396942856406,0.2930691160559927,1414.0601434351545,2.350353124999998
16,20260637,complete,True,0,,M3,asymmetric drift with velocity-dependent diffusion,29.293175767480655,-75.1075279983963,6.913149813274037,86.33763302925924,15.843582199077128,21.273963758536052,-13.840373548088618,1213.7833059368184,0.0,0.0,0.0,-4360.268636727054,112.70845811732916,0.0589554372356951,1211.5322602467984,0.7702427500000013
16,20260637,partial,True,0,,M3,asymmetric drift with velocity-dependent diffusion,35.114451019160875,-105.52756853919205,17.625282802903833,125.10599563831096,11.096553080184458,20.44941212335356,-53.290262026269595,1266.028150061222,0.0,0.0,0.0,6832.429895715328,263.23612116115413,0.1376933096106134,1231.3101737729014,3.0587307500000023
17,20260638,complete,True,0,,M3,asymmetric drift with velocity-dependent diffusion,24.486711306695913,-84.502104996803,6.969822647004156,93.49514158071312,-1.4824713377502383,20.30213968421324,22.00184929371022,1236.2300275093169,0.0,0.0,0.0,-3901.482345658196,187.11495998933412,0.0937179264241214,1230.2697092767417,0.8700338750000043
17,20260638,partial,True,0,,M3,asymmetric drift with velocity-dependent diffusion,37.37906432575239,-117.50150631224191,32.11363739342018,128.34595134803462,-28.156282232644987,24.559880262524107,-1.420125232961926,1406.6750558443057,0.0,0.0,0.0,7041.312074654661,556.4288101780393,0.278691528969674,1406.6545281309368,2.86180487499999
18,20260639,complete,True,0,,M3,asymmetric drift with velocity-dependent diffusion,30.13652340113199,-96.32354438898122,39.596230782855216,104.06621285002288,-14.412206361484298,16.75413354663635,17.12957403914798,1339.8340269469204,0.0,0.0,0.0,-4316.839096581001,253.08800157099571,0.1344078962281674,1335.4565305128883,0.6985232090000011
18,20260639,partial,True,0,,M3,asymmetric drift with velocity-dependent diffusion,38.097997165189206,-124.3055034277178,52.85066326898512,136.69669691197802,-22.724431755852414,20.48377758332475,-8.58109841552186,1476.2393491301805,0.0,0.0,0.0,6948.230866168617,212.3740985100275,0.1127858911402367,1475.3413691500964,2.514220417000004
19,20260640,complete,True,0,,M3,asymmetric drift with velocity-dependent diffusion,30.58027593544253,-86.43420722864347,30.680462057764792,102.11666145438896,-13.12607391671703,19.94674040380707,15.062164406968702,1372.7563381953562,0.0,0.0,0.0,-4005.397598414218,155.4543926898758,0.0819105303310489,1369.91292272201,0.6272015420000088
19,20260640,partial,True,0,,M3,asymmetric drift with velocity-dependent diffusion,37.93868420199222,-134.96538144621562,46.15387407927017,166.3541669552337,-25.30220159991803,17.46422396777864,16.10906072400416,1564.5257041538518,0.0,0.0,0.0,6941.089008889794,297.98121396550283,0.1570093893280747,1560.8110259683128,2.6279679999999956
20,20260641,complete,True,0,,M3,asymmetric drift with velocity-dependent diffusion,26.67648132364159,-75.57693804979854,18.73903440632812,83.71923484214919,-1.1646414350091507,16.36114637240744,11.894997919207055,1329.030476854789,0.0,0.0,0.0,-4146.35111113204,296.8116421818888,0.1551475484880805,1326.8721860599771,119.435035792
20,20260641,partial,True,0,,M3,asymmetric drift with velocity-dependent diffusion,35.42110926794644,-123.81858924238772,47.07180928997194,141.49598958920194,-20.429088521657096,18.75347398015361,-13.262554714991747,1385.0918440375651,0.0,0.0,0.0,6904.657345973948,112.60502825937228,0.0588602049213643,1382.7470216248728,617.462204208
21,20260642,complete,True,0,,M3,asymmetric drift with velocity-dependent diffusion,28.71151679090656,-91.69007534567848,35.832639957330365,93.31742395917033,-14.6376628589184,24.58636920594512,21.495874428703413,1241.5805155635865,0.0,0.0,0.0,-3888.814200016211,1286.8891687851306,0.6219261233633984,1236.882213586197,113.07273883300002
21,20260642,partial,True,0,,M3,asymmetric drift with velocity-dependent diffusion,40.3733530300787,-123.59627541371113,46.661756712236226,129.60309638934686,-23.517223051701706,31.58703491174566,13.29533248503014,1359.6452097419535,0.0,0.0,0.0,7060.805325371345,3123.082964842806,1.509319472399151,1358.2497516251774,727.7879182080001
22,20260643,complete,True,0,,M3,asymmetric drift with velocity-dependent diffusion,31.509981316334713,-70.11075602174597,3.1771427406728163,79.15940290351142,3.0113719894870545,18.333191371778547,27.103177466028836,1336.1318329797764,0.0,0.0,0.0,-4356.934079679544,197.3499668832091,0.1083549438394421,1326.1147958395693,89.21592583400002
22,20260643,partial,True,0,,M3,asymmetric drift with velocity-dependent diffusion,40.51387832310611,-131.32299033252892,44.640803857161345,152.747974630049,-35.933956979521625,15.419459415654538,29.11460951000864,1563.3622638856348,0.0,0.0,0.0,6761.910238166817,346.89606116995526,0.1904631848681208,1549.6189163188465,783.3294851250002
23,20260644,complete,True,0,,M3,asymmetric drift with velocity-dependent diffusion,28.674310181943472,-77.02623389761992,12.641906706432408,94.90663576470666,6.4156340705005634,22.15580536646184,-19.581827576197764,1206.2259761225594,0.0,0.0,0.0,-4232.607500976108,185.14238399620217,0.097162392889659,1201.8993763247208,92.76749037499984
23,20260644,partial,True,0,,M3,asymmetric drift with velocity-dependent diffusion,36.280291885531504,-131.2263682012535,38.71989204152534,162.11720337334262,-10.357970581627963,20.927402695357255,-14.884302288036746,1395.2475530004474,0.0,0.0,0.0,6942.015870680894,167.10525818183837,0.0876965414344278,1392.601265235475,738.9495248750004
24,20260645,complete,True,0,,M3,asymmetric drift with velocity-dependent diffusion,27.38269514428932,-74.94787832723529,9.789612376152055,91.38310975050832,9.389288209250775,18.102512667624513,-11.313466766976877,1336.4941542998845,0.0,0.0,0.0,-4017.059728140072,206.71784162634776,0.1055175408167014,1334.7267324109523,93.17071883400013
24,20260645,partial,True,0,,M3,asymmetric drift with velocity-dependent diffusion,38.36678275153958,-141.44594971677532,35.59839304637593,177.5695013343805,-4.772095386445975,18.376203171140244,-17.811430903293044,1637.615438215463,0.0,0.0,0.0,7014.44250887596,355.19486914567995,0.1813065036287858,1633.2995779210728,714.0812079170005
25,20260646,complete,True,0,,M3,asymmetric drift with velocity-dependent diffusion,28.89703148516014,-66.20330159815886,-3.0399507265166865,68.3264394398024,6.798565698146107,17.347254375959242,-11.167948201836785,1302.1002993773773,0.0,0.0,0.0,-4320.329335994413,160.16448367305176,0.085747890435088,1300.3029105365515,104.7172594170006
25,20260646,partial,True,0,,M3,asymmetric drift with velocity-dependent diffusion,36.16206413000369,-129.43935949443275,37.90601764727291,150.45235129954247,-27.211744740168683,14.04782814983294,-12.11372883479078,1514.7758539325705,0.0,0.0,0.0,6851.191172330973,339.68818777131486,0.1818602029559011,1512.1645621849425,815.094711791
26,20260647,complete,True,0,,M3,asymmetric drift with velocity-dependent diffusion,29.530221725501445,-86.27284620568192,28.115990883634957,99.416135058599,-10.163726115350537,20.79401653635094,8.992169119159744,1351.1133291572407,0.0,0.0,0.0,-3857.796631451885,150.07607704012884,0.0774381491166471,1350.1411857509618,91.51698279199992
26,20260647,partial,True,0,,M3,asymmetric drift with velocity-dependent diffusion,37.63811870403388,-131.299714879344,50.22854741268419,154.47646634470917,-23.143413744544947,15.61231124415371,-37.410539673479,1727.1197835836929,0.0,0.0,0.0,7055.46644850251,499.0680559716097,0.2575154368364181,1704.7090344022097,721.3783775419997
27,20260648,complete,True,0,,M3,asymmetric drift with velocity-dependent diffusion,25.482857429551444,-86.36744381107577,-5.02708407668617,103.96066886210826,22.00296023998203,19.01245016738575,5.791242762780968,1232.761947099953,0.0,0.0,0.0,-4084.597300715928,192.3998027046793,0.0935055688800941,1232.3209704586232,95.18946824999966
27,20260648,partial,True,0,,M3,asymmetric drift with velocity-dependent diffusion,37.675933087532314,-142.23929612965927,27.917910742145082,170.12517745372688,-8.369300766571008,25.669101572276542,-12.997439435218471,1362.5714715791373,0.0,0.0,0.0,7006.514965247166,871.8609223612217,0.42372107654831226,1360.9262919342623,3.7018464579999995
28,20260649,complete,True,0,,M3,asymmetric drift with velocity-dependent diffusion,28.253417359415316,-63.35441261055316,21.564081908831387,70.83021302947006,-8.07219087676956,19.708129647718437,-6.40124924997517,1277.1845004090617,0.0,0.0,0.0,-4174.755656435604,30.256639118028954,0.015775506033751958,1276.6647810412333,0.6165109169999994
28,20260649,partial,True,0,,M3,asymmetric drift with velocity-dependent diffusion,37.85407190831096,-120.48863883123668,56.08085576938617,136.80824678583076,-34.71287886742036,19.617593651622784,-31.76333292969704,1444.2868468904337,0.0,0.0,0.0,6886.854147666484,204.36696025766207,0.10655486890225101,1431.4296490566553,3.720757999999999
29,20260650,complete,True,0,,M3,asymmetric drift with velocity-dependent diffusion,32.4807398042994,-72.8212639777696,13.735533106929878,85.8445884219389,9.216354820018081,17.0964058038315,10.31317260692389,1390.609533881363,0.0,0.0,0.0,-4352.459587536572,205.04343671096686,0.11194903238118914,1389.0542159791578,0.7203794160000001
29,20260650,partial,True,0,,M3,asymmetric drift with velocity-dependent diffusion,38.124652393051726,-117.14752393925718,37.00624059811534,142.21945854640794,-6.242356494459614,13.627216502219786,-31.111011361417784,1543.2752185502293,0.0,0.0,0.0,6796.296262642427,371.29786828427746,0.20272015406284824,1525.5185723952598,3.573478625
30,20260651,complete,True,0,,M3,asymmetric drift with velocity-dependent diffusion,29.86910795030471,-74.32789982791546,8.417815135380408,91.55882216588536,6.586096398603804,23.248692955862726,20.796746810612223,1213.1328158709719,0.0,0.0,0.0,-4211.664362174888,460.46487760095386,0.2363056183904747,1208.4820448416754,0.6687842079999982
30,20260651,partial,True,0,,M3,asymmetric drift with velocity-dependent diffusion,38.96810404496873,-127.64477271970857,36.96548670744137,152.5102189158641,-16.205688384904068,23.528954578343868,-12.354776287068328,1357.3450459595647,0.0,0.0,0.0,6867.186679166838,464.1339629236597,0.23818855348126092,1355.7232153587283,2.8612995419999976
31,20260652,complete,True,0,,M3,asymmetric drift with velocity-dependent diffusion,27.890211086368698,-63.6889303400506,-1.913629191240942,78.59006745032093,13.2379217555348,22.093669530096484,-20.48151446506515,1266.9957138275774,0.0,0.0,0.0,-3979.1029560188726,383.88983018799456,0.19144000471762668,1262.2490319465985,0.99491175
31,20260652,partial,True,0,,M3,asymmetric drift with velocity-dependent diffusion,39.12897363993443,-135.98787346718626,47.6917291782922,171.1671467573082,-30.715498038913275,22.619878288209414,4.943853867689517,1436.341381119595,0.0,0.0,0.0,6899.669908630366,495.3519125234245,0.24702444559140974,1436.0713169137807,3.605395833000003
32,20260653,complete,True,0,,M3,asymmetric drift with velocity-dependent diffusion,26.0548436652018,-80.28184955389159,17.902254580559692,95.30249149491796,-6.961867097947146,22.753332317240908,3.602908849717063,1229.7883573146555,0.0,0.0,0.0,-3718.1831898431983,903.6549812492368,0.3976719122829,1229.6458098500439,0.9993502500000027
32,20260653,partial,True,0,,M3,asymmetric drift with velocity-dependent diffusion,37.35124526194476,-128.31172222426719,49.663504521405585,151.98507097575109,-33.819286727954875,27.923671252619616,-6.150385496151625,1319.9427535462476,0.0,0.0,0.0,7078.487527728171,2552.0749718615484,1.1230929452151097,1319.6054095316995,3.498113042
33,20260654,complete,True,0,,M3,asymmetric drift with velocity-dependent diffusion,27.539711044870916,-81.52104024976,15.446223350653632,99.33641187872058,0.67374191810625,18.41190244004076,-8.211562810545688,1349.6555418366554,0.0,0.0,0.0,-3901.828400444887,124.69740313153156,0.06378377921590665,1348.7400722470607,0.8471458749999989
33,20260654,partial,True,0,,M3,asymmetric drift with velocity-dependent diffusion,37.61108327774615,-138.20754838975174,46.650977054139865,172.31025734983663,-22.873179490329804,17.439241756334095,-36.281541205245,1636.0191739194017,0.0,0.0,0.0,7025.506456708632,362.56749843203164,0.18545635025341245,1617.1486692704138,3.4026988340000024
34,20260655,complete,True,0,,M3,asymmetric drift with velocity-dependent diffusion,32.018386256349636,-76.03764732610091,13.334956675970652,97.2613696296113,2.02118911318001,16.356369243004007,-2.856505462757781,1418.5040691850008,0.0,0.0,0.0,-4232.208061893282,253.20089123095858,0.1360480084244997,1418.380164221129,0.8863516669999996
34,20260655,partial,True,0,,M3,asymmetric drift with velocity-dependent diffusion,41.81577040286437,-141.7819944789198,44.186600471803736,187.21770257378347,-24.580567518761537,21.836940559508076,-27.45549190126968,1505.3903272420102,0.0,0.0,0.0,6823.283458870746,327.03733626818945,0.17572125462684984,1496.7608362399676,3.1326805830000026
35,20260656,complete,True,0,,M3,asymmetric drift with velocity-dependent diffusion,27.011381919955053,-68.88568259512047,23.971106569328906,72.76936271972342,-7.764891152026517,22.579633664112688,-9.883630244388483,1209.8537479043484,0.0,0.0,0.0,-4004.2875251387695,347.85583123480296,0.17254982351320364,1208.77221250224,0.48252575000000064
35,20260656,partial,True,0,,M3,asymmetric drift with velocity-dependent diffusion,37.18395423720675,-122.99209646653128,51.054579611690144,143.67231138642217,-25.926033953066135,23.68022122594034,-21.874491649465526,1449.8801412319524,0.0,0.0,0.0,7066.468846947617,600.1489221393824,0.29769686547784135,1444.8286982844422,3.2769665000000003
36,20260657,complete,True,0,,M3,asymmetric drift with velocity-dependent diffusion,27.85555486589756,-66.10169750953304,16.97263498511566,76.73435618974453,-3.808800325906287,19.954927728822522,7.705257031052571,1256.7054361635574,0.0,0.0,0.0,-4135.106787467738,91.94170998540751,0.04823767701534825,1255.9616325887655,0.9428755829999957
36,20260657,partial,True,0,,M3,asymmetric drift with velocity-dependent diffusion,36.43552861999218,-133.28333971584354,74.04620803903585,155.21349786072545,-55.1531725902914,15.538726405032829,-20.349171042474115,1521.4345765232824,0.0,0.0,0.0,6886.828089426241,372.99955423990264,0.1956960777339141,1514.772548342876,3.2749250419999996
37,20260658,complete,True,0,,M3,asymmetric drift with velocity-dependent diffusion,27.278558568854276,-77.8968528338818,13.533417071617176,82.69606968507316,2.1676412745845344,23.98543900165392,0.9311919764367224,1183.1848782788916,0.0,0.0,0.0,-4014.352073706632,2766.679321394328,1.1957124369838767,1183.1759195856873,0.8061751250000029
37,20260658,partial,True,0,,M3,asymmetric drift with velocity-dependent diffusion,39.16815322515135,-122.49984191974113,32.325760697667604,139.31075051401262,-11.870724853123521,30.644816864752038,-28.663663617334556,1303.7915974021364,0.0,0.0,0.0,7032.727875738177,7268.144179596597,3.141170110367473,1297.0932828905597,3.369233874999999
38,20260659,complete,True,0,,M3,asymmetric drift with velocity-dependent diffusion,31.046315874541268,-87.48207087888193,31.240007890832246,81.798031066439,-4.590767312215136,15.93970273175915,-17.718751553158302,1432.7003733162949,0.0,0.0,0.0,-4220.754496403984,306.9718157528016,0.16436618580865253,1427.776312369979,0.7902793749999972
38,20260659,partial,True,0,,M3,asymmetric drift with velocity-dependent diffusion,39.69646464606602,-130.142173037124,41.88617093375236,129.65548561109014,-8.103933436845951,19.13587237934486,-6.1893803998479715,1505.7582354618125,0.0,0.0,0.0,6862.830231536316,210.56334490858532,0.11274485831496099,1505.2582438140093,3.0717262499999975
39,20260660,complete,True,0,,M3,asymmetric drift with velocity-dependent diffusion,28.878634589015558,-73.73222964123727,6.592814392389771,80.31662649808224,15.009296455200085,22.834539257114002,-6.094720004216716,1206.7932314600262,0.0,0.0,0.0,-4216.98354136276,805.3824338194628,0.3883595663077482,1206.3865669807617,0.3929127500000007
39,20260660,partial,True,0,,M3,asymmetric drift with velocity-dependent diffusion,39.632503068763825,-131.59495898086945,35.94433392625725,148.88732131503454,-5.990810970498126,24.625206382712665,-9.307808329752303,1420.3342627155762,0.0,0.0,0.0,6945.825021892339,1358.7738660717039,0.6552077710900244,1419.4547620251958,3.4782438329999934
40,20260661,complete,True,0,,M3,asymmetric drift with velocity-dependent diffusion,28.08697299708646,-70.4481655420427,19.996580058182662,85.11022467650184,-9.258131200846574,22.48211882559058,-14.466212049998202,1215.113158848351,0.0,0.0,0.0,-4103.181007962226,278.5805465164862,0.14141283085389283,1212.7860975350127,0.7973697910000013
40,20260661,partial,True,0,,M3,asymmetric drift with velocity-dependent diffusion,38.37807325788689,-133.6788150202846,47.12493817716849,165.99660373722145,-26.469112926273244,24.597306411368763,-43.85565429647053,1329.4902664053377,0.0,0.0,0.0,6878.375215616905,611.6193776501051,0.3104697319325528,1309.9422321011023,3.017773708000007
41,20260662,complete,True,0,,M3,asymmetric drift with velocity-dependent diffusion,29.45585885093805,-88.04329250678812,17.906495571964285,111.8564677729961,-2.6616533614418865,15.97146479041707,13.11790246541164,1406.0090251083775,0.0,0.0,0.0,-4111.70336301074,309.913146018871,0.16318849899536517,1403.3157358653132,0.7305675420000028
41,20260662,partial,True,0,,M3,asymmetric drift with velocity-dependent diffusion,35.86799269533682,-123.52030589663768,33.01026939912149,157.1625675815708,-14.107730738608211,14.076301269893762,-7.507712600623628,1505.0900988989638,0.0,0.0,0.0,6868.257975715173,413.7425104800427,0.2178611011605847,1504.08907602486,3.0424194579999977
42,20260663,complete,True,0,,M3,asymmetric drift with velocity-dependent diffusion,31.927312510348,-81.92163849244582,12.987335153495659,102.10075878700216,6.873171269241186,19.87775451614767,18.715549920526556,1327.416795066881,0.0,0.0,0.0,-4270.828717770546,148.5879593543431,0.08054958827709637,1323.0127982430433,0.5936227499999944
42,20260663,partial,True,0,,M3,asymmetric drift with velocity-dependent diffusion,40.551446663982006,-126.01276924910727,36.636107461599146,156.50325812105024,-9.937338398943474,25.989576586540856,-20.58847116595284,1315.586910592954,0.0,0.0,0.0,6806.823753064349,432.74847816017706,0.23459311168151814,1311.509458671808,3.1956289169999934
43,20260664,complete,True,0,,M3,asymmetric drift with velocity-dependent diffusion,28.435920360646776,-72.08094855986027,21.527846538347003,77.57033113726598,-6.5249194856650155,19.678338217730754,-8.13184673765846,1289.165933203132,0.0,0.0,0.0,-4136.658227002841,22.162370263474724,0.011623794848106541,1288.3260557642607,0.6310226659999927
43,20260664,partial,True,0,,M3,asymmetric drift with velocity-dependent diffusion,39.188237759732395,-130.31300048806696,47.03189905577493,147.81007840223114,-24.40130497203132,20.15503735562454,-6.274121127232922,1545.6809177709,0.0,0.0,0.0,6956.3275982320965,270.0726331640871,0.14164860728642542,1545.1926872403135,3.33567124999999
44,20260665,complete,True,0,,M3,asymmetric drift with velocity-dependent diffusion,29.579737226088067,-74.44269152521393,14.655364846660573,83.3936663267262,0.7892062749879873,25.884217268774446,-20.012415023324277,1268.4037592590248,0.0,0.0,0.0,-3724.668588756518,732.0079268001499,0.362497682010762,1264.5361310927894,0.742229167000005
44,20260665,partial,True,0,,M3,asymmetric drift with velocity-dependent diffusion,39.49240848604698,-123.3924486354284,46.34938993401386,139.60986998017802,-20.165841804268805,26.771021969037207,-86.80184082997035,1503.5803739201197,0.0,0.0,0.0,7100.803642370806,1106.2941030265415,0.5478479580437439,1433.2193862800998,2.8008880000000005
45,20260666,complete,True,0,,M3,asymmetric drift with velocity-dependent diffusion,27.597713397888594,-75.656878631352,0.4199461429242196,95.30614701730013,10.670757265305951,20.012154581067925,-32.702408748480394,1359.4400184201302,0.0,0.0,0.0,-3746.0579426730665,179.90491010137586,0.08456260646805923,1346.080190436983,0.7815398329999965
45,20260666,partial,True,0,,M3,asymmetric drift with velocity-dependent diffusion,36.71157937859616,-136.74898682247047,38.719360697121196,168.9580916481756,-20.41023169733451,28.03106520675713,-68.03019747544536,1312.8783052797316,0.0,0.0,0.0,7070.91198248298,1537.1189287945167,0.7225082572621868,1271.6019438819314,5.777914791000001
46,20260667,complete,True,0,,M3,asymmetric drift with velocity-dependent diffusion,27.298605604768,-94.11404029175458,20.75730674762999,112.78551237714677,2.220440400799794,19.953751295200906,-17.6375525837681,1251.8133412492348,0.0,0.0,0.0,-4147.214166596978,63.070201998246276,0.03258840866050504,1247.9159327795098,0.842952000000011
46,20260667,partial,True,0,,M3,asymmetric drift with velocity-dependent diffusion,36.88785293959699,-129.75128867575313,42.25504839242135,155.17797448318376,-11.718535781723197,17.192199780999164,-39.14682552743955,1550.1141665212933,0.0,0.0,0.0,6966.214440465572,330.34889971903584,0.1706914613162565,1527.8297558518902,3.7825463749999955
47,20260668,complete,True,0,,M3,asymmetric drift with velocity-dependent diffusion,28.044885806750244,-77.87531607230024,1.6672132501588033,96.66556551669504,14.734689543183999,18.518840702267898,-22.4120606606746,1298.483109431819,0.0,0.0,0.0,-4184.279054826976,148.25099161028348,0.0770652070814483,1291.7028321918847,0.8231587499999904
47,20260668,partial,True,0,,M3,asymmetric drift with velocity-dependent diffusion,39.155385833512184,-156.63288094571746,39.44814363396947,192.75073686558406,-10.64891251552986,24.02946642152145,-41.17247089475316,1364.665444983462,0.0,0.0,0.0,6856.547265799685,482.36302685931696,0.25074642772756284,1347.0291480957244,3.505603334
48,20260669,complete,True,0,,M3,asymmetric drift with velocity-dependent diffusion,30.740950237301327,-81.86370855407888,18.849707675618127,85.85718776089365,13.38208101610081,20.289052292131267,11.666107895953687,1331.8364885307476,0.0,0.0,0.0,-4126.3650821598085,123.21021355558499,0.06528517774763427,1330.1596628668217,0.8013469170000036
48,20260669,partial,True,0,,M3,asymmetric drift with velocity-dependent diffusion,37.295598336531135,-120.00788316341617,46.77186047772,130.76313748582976,-5.916753282046321,14.271513750727063,-33.818973274955574,1642.994669940709,0.0,0.0,0.0,6955.5427252639365,436.23545174003476,0.23114730658119817,1622.9596359788593,2.593642833000004
49,20260670,complete,True,0,,M3,asymmetric drift with velocity-dependent diffusion,25.595734802435917,-88.54879520788965,37.99683131343075,97.4072945896848,-23.779764855933795,16.34488595161291,7.0718176739742065,1298.6440862818608,0.0,0.0,0.0,-4119.0568409629805,453.0748453668387,0.2242278590591847,1297.8792377707514,0.6837320830000095
49,20260670,partial,True,0,,M3,asymmetric drift with velocity-dependent diffusion,37.5590098026907,-127.19149014591147,55.66298585448096,143.32906272546415,-33.703640283185926,26.314174866934984,-34.55892446122494,1308.1106720427183,0.0,0.0,0.0,6974.799110353672,800.282639087471,0.3960618530025144,1296.764419977944,2.7664304160000057
50,20260671,complete,True,0,,M3,asymmetric drift with velocity-dependent diffusion,29.705688726572266,-94.10236669647294,31.019630436631026,109.1809503917034,-9.057873518343657,16.121104598759334,4.8245805227282235,1438.8578917559998,0.0,0.0,0.0,-4002.215044126571,269.8208298442267,0.14127698579291303,1438.4969851400526,0.8127790829999952
50,20260671,partial,True,0,,M3,asymmetric drift with velocity-dependent diffusion,37.29208451329999,-142.08979792111768,52.4873849303167,171.33172105775603,-24.3669361477119,17.054882630602393,-11.45695400640737,1522.8339110437944,0.0,0.0,0.0,6906.946765950324,246.2269906219438,0.12892335656965737,1520.9098115593367,3.194684125000009
51,20260672,complete,True,0,,M3,asymmetric drift with velocity-dependent diffusion,33.364359953881156,-58.96943847417237,1.6303453524862663,73.529228682475,9.919102844352935,19.739169836539936,5.208560227756377,1345.3580735699088,0.0,0.0,0.0,-4385.117989038383,89.94975064792152,0.049824139458516645,1345.014568289779,0.42889416700000993
51,20260672,partial,True,0,,M3,asymmetric drift with velocity-dependent diffusion,41.2404995571761,-128.01493602489936,35.400439904067554,166.22797966350322,-19.398747014808947,14.361178637694568,-10.192277346651254,1572.152479672721,0.0,0.0,0.0,6712.788087099184,341.5088393414794,0.18916543864881968,1570.3440885485993,3.4630457089999993
52,20260673,complete,True,0,,M3,asymmetric drift with velocity-dependent diffusion,26.168846729432065,-101.73549709800601,31.319548470065744,116.96968807833943,-4.033435777513908,20.626137885941283,10.665431480785344,1249.9094413356006,0.0,0.0,0.0,-3919.2113262712837,136.59396407750242,0.06770901609204137,1248.5307411707013,1.138663207999997
52,20260673,partial,True,0,,M3,asymmetric drift with velocity-dependent diffusion,36.66885670926392,-138.45378284537006,46.46283206103529,164.85867947482737,-11.013812012670503,23.020146238245907,-3.898519410644336,1442.8060812269616,0.0,0.0,0.0,7064.91576977555,446.3997872722747,0.22127837480983187,1442.6410302189881,3.752830208000006
53,20260674,complete,True,0,,M3,asymmetric drift with velocity-dependent diffusion,28.61473422849485,-71.09190623285429,12.318156314201596,80.62461473090039,9.403464785094531,18.73095438675684,-10.471669569672223,1350.5697608094715,0.0,0.0,0.0,-4033.4545209646494,112.20133702017277,0.058226693014557795,1349.1061989096452,0.7131422500000042
53,20260674,partial,True,0,,M3,asymmetric drift with velocity-dependent diffusion,39.29614255361997,-131.0411011718878,37.945666142071644,160.15420640243855,-7.188755486222247,22.442187019056657,-11.922266887222795,1457.951168891414,0.0,0.0,0.0,6919.462713588952,333.79212372748344,0.17322085489465358,1456.3688636861148,3.4181834580000015
54,20260675,complete,True,0,,M3,asymmetric drift with velocity-dependent diffusion,26.036291311387348,-84.4966612082997,17.247494171586894,108.26609248785964,3.977815803745912,15.22007398583633,3.588986537855921,1352.6332411370624,0.0,0.0,0.0,-4068.782037332796,414.4369787128864,0.21287578434490323,1352.4216747879502,0.813373332999987
54,20260675,partial,True,0,,M3,asymmetric drift with velocity-dependent diffusion,38.017988841516186,-153.85746005897408,46.93854600036997,198.85671052335965,-15.564777852639695,18.878188554401945,-16.234178877983805,1595.6881693106914,0.0,0.0,0.0,7003.396953743773,298.12486980052944,0.15313200498808804,1592.1980623444047,2.935063624999998
55,20260676,complete,True,0,,M3,asymmetric drift with velocity-dependent diffusion,27.479901765855438,-73.29779394823989,7.763629268525207,88.19354266835303,4.387281309820295,22.68041781220383,-22.28353171450511,1252.9301415159118,0.0,0.0,0.0,-3909.1339885664866,272.6418333544917,0.13947102296946837,1247.4567495238082,0.8532062090000068
55,20260676,partial,True,0,,M3,asymmetric drift with velocity-dependent diffusion,36.92859922638994,-139.0575961270731,44.09159635658195,169.49952705548122,-25.15785527385027,19.265998036057148,-25.526773875466255,1461.9951290567506,0.0,0.0,0.0,6928.140550195494,198.0153677755805,0.10129555529883515,1453.539645696207,2.976829291999991
56,20260677,complete,True,0,,M3,asymmetric drift with velocity-dependent diffusion,28.675641950255415,-87.12706806648444,15.356624544425708,98.39079176898473,-8.422451691642733,19.574203789939183,-7.402138716896076,1347.9823158484135,0.0,0.0,0.0,-3880.651236283821,68.148444524349,0.033882515283079805,1347.2827904744777,0.9227599160000182
56,20260677,partial,True,0,,M3,asymmetric drift with velocity-dependent diffusion,37.18337165322927,-117.16818044070335,32.2256990324277,133.6184698454218,-21.285576696679055,26.54797980895532,-47.65767266627037,1316.7790890980154,0.0,0.0,0.0,7020.791969202843,780.3987742461485,0.38800406348004557,1295.391032465627,3.3127593749999846
57,20260678,complete,True,0,,M3,asymmetric drift with velocity-dependent diffusion,25.86638569090535,-71.91135842027052,10.99650038533735,82.1377235751429,-4.029376694965867,22.703477542765565,-22.75300687422138,1258.6644695933335,0.0,0.0,0.0,-3706.778671789054,771.6248618886095,0.34764196033894645,1252.963831604106,0.8113633750000133
57,20260678,partial,True,0,,M3,asymmetric drift with velocity-dependent diffusion,37.81413028770236,-121.37573592583361,33.43062722752648,144.22483747938435,-18.57903787103065,24.839611368561616,-38.44264420809198,1503.432187559536,0.0,0.0,0.0,7144.10802248783,1438.0923755830684,0.6479071337496135,1488.5584771465683,3.448564916999999
58,20260679,complete,True,0,,M3,asymmetric drift with velocity-dependent diffusion,31.979901190357207,-62.376457894124854,14.546980918438834,71.89115562847032,-4.658393185825398,18.907553434553982,-30.62617079003665,1369.3204361407738,0.0,0.0,0.0,-4269.249206258319,143.29833167348266,0.07804261492941726,1356.918577150878,0.5062382090000028
58,20260679,partial,True,0,,M3,asymmetric drift with velocity-dependent diffusion,40.1490926415052,-139.802030966072,51.87229844949447,172.93414712427224,-32.53904950393413,18.607838195572025,-83.77230186693316,1536.4288600484856,0.0,0.0,0.0,6821.432689324574,453.0009094240847,0.24671170364645495,1442.1434748190363,3.2072808329999987
59,20260680,complete,True,0,,M3,asymmetric drift with velocity-dependent diffusion,29.66811999448552,-68.42254290549164,4.895908736042432,79.91959627763008,12.337275829118823,14.973369241643605,0.21331740464259333,1436.1126943506895,0.0,0.0,0.0,-4147.050498020602,342.0298638412382,0.1814206758708281,1436.1119892704237,0.9976118749999898
59,20260680,partial,True,0,,M3,asymmetric drift with velocity-dependent diffusion,36.22261768219084,-126.68766374569297,34.66877878301833,152.38967076933142,-10.775724563672966,14.261447728831595,-17.83305463147326,1492.800373660696,0.0,0.0,0.0,6841.090072287276,386.6251005670489,0.20507503720803452,1487.2256116461838,3.199677124999994
60,20260681,complete,True,0,,M3,asymmetric drift with velocity-dependent diffusion,28.662672434246673,-79.97444587559444,21.077516870489195,95.67680120271379,-4.087009712660975,20.686130867932587,-4.540978717517276,1329.9224025187402,0.0,0.0,0.0,-3885.853171551637,89.68593283986309,0.04619687669446202,1329.6733376890647,1.0282917080000118
60,20260681,partial,True,0,,M3,asymmetric drift with velocity-dependent diffusion,37.87108061882992,-149.85983937961822,54.71922472804134,182.28340187405706,-24.195568506051607,22.178161536502905,-24.453364300996036,1504.7679527830435,0.0,0.0,0.0,7032.840570717659,362.71981612199744,0.1868355726415326,1498.0290619215352,2.985758207999993
61,20260682,complete,True,0,,M3,asymmetric drift with velocity-dependent diffusion,31.59139075248217,-66.08156644393074,25.307156243233784,70.57755138958215,-12.811751773647746,21.942437528588872,-2.7758864059794464,1300.1055188639145,0.0,0.0,0.0,-4169.7003059908,180.0154257915866,0.09518468876658134,1300.0177447096833,0.9220787090000044
61,20260682,partial,True,0,,M3,asymmetric drift with velocity-dependent diffusion,38.449112887665585,-121.3926519094731,57.81592513394273,139.51089401247236,-36.910705590211485,19.489203493108334,-15.340112330915378,1453.3490438532604,0.0,0.0,0.0,6864.36629240413,169.06954070793012,0.08939695885187476,1450.3310807811079,3.1928430410000033
62,20260683,complete,True,0,,M3,asymmetric drift with velocity-dependent diffusion,25.71639883332146,-75.67921777260118,10.416881861278064,89.26839068858366,-6.2746335550768135,17.865684393819496,-18.885928952784585,1447.7915111814461,0.0,0.0,0.0,-3463.773661039954,216.1462506796523,0.10655914675651866,1442.8004929684944,0.9389150000000086
62,20260683,partial,True,0,,M3,asymmetric drift with velocity-dependent diffusion,37.28396058130951,-129.8197989516693,63.89521140631972,158.24252665948407,-50.346912736744116,16.891340852678027,-38.231708588189285,1754.1067816068837,0.0,0.0,0.0,7131.106289004488,477.8843685304545,0.2355948826258163,1732.4734586488148,3.85666570799998
63,20260684,complete,True,0,,M3,asymmetric drift with velocity-dependent diffusion,28.70582686153249,-69.89083978330038,21.952306235178504,88.32995763844566,-5.570969055215421,20.31896113681774,14.55480500440431,1244.6591434674922,0.0,0.0,0.0,-4220.797542797927,130.95327545728284,0.0686871447939714,1242.0526831742839,0.7237760419999972
63,20260684,partial,True,0,,M3,asymmetric drift with velocity-dependent diffusion,37.33333348754041,-125.26267258165339,47.59184907112228,159.37644628794303,-21.908853409683843,20.458485664761646,-18.423565617156324,1389.1027084205796,0.0,0.0,0.0,6878.338678478829,140.6827337194822,0.07379040552638877,1384.9551830784649,3.301498333000012
64,20260685,complete,True,0,,M3,asymmetric drift with velocity-dependent diffusion,31.41905547223022,-68.81156193175438,1.1144849799669925,83.97267576551918,17.708560956734036,20.31373655858733,19.94157951308518,1312.9415047211214,0.0,0.0,0.0,-4258.136145021626,158.24696780516706,0.08524423798934423,1308.0477823459407,0.7866359580000051
64,20260685,partial,True,0,,M3,asymmetric drift with velocity-dependent diffusion,40.086949584825064,-139.22379970899013,47.24555118024231,172.81130021472975,-18.856356826842244,16.17814267383722,9.849395879494866,1524.2838694248505,0.0,0.0,0.0,6754.803923776299,308.3262685720608,0.1660887294149154,1522.784776546948,3.377392624999999
65,20260686,complete,True,0,,M3,asymmetric drift with velocity-dependent diffusion,28.932223084172023,-82.09360585040186,10.763168670467909,97.70883761521037,3.5101067189415276,21.474562750334897,29.064414645285716,1279.5947418517771,0.0,0.0,0.0,-4059.5303057821566,256.19225531481715,0.13289397814083706,1269.7609062942688,0.6371962499999881
65,20260686,partial,True,0,,M3,asymmetric drift with velocity-dependent diffusion,39.86880647877289,-123.28739731798333,36.046910270731054,145.744859588638,-17.790719422212895,27.54706090783768,34.12406385147877,1376.5035316058234,0.0,0.0,0.0,6965.056656530427,764.2796019317428,0.3964528771090075,1365.9356933596823,5.267783084000001
66,20260687,complete,True,0,,M3,asymmetric drift with velocity-dependent diffusion,30.8465923886048,-91.18376911256149,24.540485055750104,99.6990331277449,0.24041823731901904,22.59182191044103,5.082102717187227,1187.3925117630047,0.0,0.0,0.0,-4516.000069166402,211.97354660605052,0.11496913280184833,1187.106975148342,0.8424674169999946
66,20260687,partial,True,0,,M3,asymmetric drift with velocity-dependent diffusion,40.13276528662729,-131.62146262492502,43.479052530565866,141.32205297600598,-7.742994478349363,21.566308864723077,8.50765647784369,1433.7653391420968,0.0,0.0,0.0,6829.260592207334,248.63932107681464,0.1348557288507705,1432.9263191078894,3.6251598340000157
67,20260688,complete,True,0,,M3,asymmetric drift with velocity-dependent diffusion,27.325541258313716,-79.48350853462186,26.899018286660365,83.21254520826233,-10.962033463940799,16.766111106776002,17.162322260092782,1358.8366389765094,0.0,0.0,0.0,-4047.181496280028,298.26060534023003,0.15359166705876126,1354.4446654200883,1.0254161659999852
67,20260688,partial,True,0,,M3,asymmetric drift with velocity-dependent diffusion,35.980963744079354,-118.87706616249592,47.19293245985907,126.34724857461799,-28.209082297202936,19.994422270593326,-3.3160121406874863,1424.5532649981565,0.0,0.0,0.0,6982.15527002078,146.00453412168486,0.07518619419519641,1424.4158610390136,3.6148179999999854
68,20260689,complete,True,0,,M3,asymmetric drift with velocity-dependent diffusion,28.233927183263656,-83.55539182780467,35.86825941476527,97.35417773221516,-15.022122614932103,21.179615558556844,8.800137300321408,1215.790855868028,0.0,0.0,0.0,-4244.217293025653,144.7348119030764,0.07523944291481328,1214.8768510015386,0.826367499999975
68,20260689,partial,True,0,,M3,asymmetric drift with velocity-dependent diffusion,38.85817784285231,-128.53039851780397,51.128156072325496,151.51518300721634,-21.124522589596236,20.737097885034704,-23.38726706015486,1487.6446059480957,0.0,0.0,0.0,6926.761814342046,255.66220479458707,0.13290432073797975,1481.0506250445917,3.7802247919999843
69,20260690,complete,True,0,,M3,asymmetric drift with velocity-dependent diffusion,32.29905053143221,-73.09148119975318,19.255207476584324,79.59146469372712,1.1594289965954168,21.836106582675267,-25.95474588618147,1304.1671346989453,0.0,0.0,0.0,-4283.638570225434,207.38130016766257,0.11027213597025466,1296.4546019965433,0.8521047079999846
69,20260690,partial,True,0,,M3,asymmetric drift with velocity-dependent diffusion,39.505631314798926,-120.91456542553738,49.4161848127964,136.78837578594332,-18.676540819404703,20.705924882896795,-59.40472191556277,1430.9319202205131,0.0,0.0,0.0,6820.921924283285,337.71925569461604,0.17957753979563956,1388.3244344543232,3.284932083000001
70,20260691,complete,True,0,,M3,asymmetric drift with velocity-dependent diffusion,27.34290232485457,-88.07299400616616,18.919353948890382,97.83578391410465,-11.338285130632995,16.927109080537516,-10.15737092189509,1408.5198106056487,0.0,0.0,0.0,-3800.8251289849636,225.7194456789569,0.11450538072918034,1406.9960586859856,0.8180470419999892
70,20260691,partial,True,0,,M3,asymmetric drift with velocity-dependent diffusion,36.60241442368492,-142.29518640414432,47.40716759973581,162.0694511336935,-33.772958926504465,14.747057174179584,-32.219018015879776,1713.0964891788888,0.0,0.0,0.0,7060.736112066277,473.8936167957874,0.24040183535409387,1695.4987028591236,4.099533500000007
71,20260692,complete,True,0,,M3,asymmetric drift with velocity-dependent diffusion,29.299296525102005,-74.15305704435207,16.885469374523403,79.71878468720328,1.5284415425584168,21.124460735631317,-2.1418338165202724,1285.9967781655128,0.0,0.0,0.0,-4095.6089197303654,119.77850184868875,0.061927216860613955,1285.9425240418711,0.7049410420000015
71,20260692,partial,True,0,,M3,asymmetric drift with velocity-dependent diffusion,38.867609958500296,-131.368230521214,50.26513354298336,147.80123379770257,-23.43139904573848,21.910374182991188,-42.395754160504325,1457.88206716979,0.0,0.0,0.0,6921.381792261462,367.6281965246455,0.1900690916890722,1437.3735200646743,4.574473458
72,20260693,complete,True,0,,M3,asymmetric drift with velocity-dependent diffusion,28.18528330402732,-66.5127084158982,-1.8517935404090868,80.40601956241457,20.165493037828213,20.845701892019218,-24.368706227724147,1327.1425040516956,0.0,0.0,0.0,-3911.585102602187,176.54182889502374,0.08879594608233954,1320.0207340025559,0.7532290000000046
72,20260693,partial,True,0,,M3,asymmetric drift with velocity-dependent diffusion,37.980970281093555,-122.99563092154862,31.307667532261643,155.17625388120754,-4.101333254086128,21.81747396608689,-56.5744497487498,1522.969439891253,0.0,0.0,0.0,7024.772116104101,508.019097894581,0.25552038691221196,1486.2951336805452,4.036278792000019
73,20260694,complete,True,0,,M3,asymmetric drift with velocity-dependent diffusion,27.343993705853986,-72.4776895184457,10.037473883289705,85.31245383819491,7.584652365933497,16.543634676773635,-2.8898974169276315,1353.3817586517189,0.0,0.0,0.0,-4109.999758591744,265.8387371321921,0.13964441750548737,1353.2555566545964,0.7972373329999982
73,20260694,partial,True,0,,M3,asymmetric drift with velocity-dependent diffusion,36.328052844867074,-138.27323743650595,51.738629113506484,164.31933512631812,-25.925468111327778,16.39740391711856,-7.587904252696049,1456.9038900929263,0.0,0.0,0.0,6859.583936125995,281.80051813256586,0.14802910076945788,1456.0262503975978,3.9052762090000215
74,20260695,complete,True,0,,M3,asymmetric drift with velocity-dependent diffusion,27.878791516756234,-86.63817532177046,17.529132473590455,102.33135841114003,-7.709716793842552,19.829923661481644,11.175012666659423,1259.2560871316346,0.0,0.0,0.0,-4094.6766343752665,120.70641232839598,0.06071185232795581,1257.6819983406713,0.8157160419999911
74,20260695,partial,True,0,,M3,asymmetric drift with velocity-dependent diffusion,36.83496617762864,-123.51045171762249,34.351626062681326,151.3144055917356,-22.96533322761145,21.500403383653705,-23.358175426886067,1426.9108858934223,0.0,0.0,0.0,6977.881426543125,268.01838918593313,0.13480553809488896,1420.5668897957735,3.2479647079999836
75,20260696,complete,True,0,,M3,asymmetric drift with velocity-dependent diffusion,28.148035181880466,-96.60505593419536,17.97950451426689,111.21715955537812,-1.4136658420437829,19.29091000825249,2.5523886387671384,1275.7204964888545,0.0,0.0,0.0,-4086.685529634573,143.5436009018421,0.0704900008301856,1275.6361063102374,0.8142904999999985
75,20260696,partial,True,0,,M3,asymmetric drift with velocity-dependent diffusion,37.49313895616349,-146.55204711948812,47.917067232033276,165.77130139154008,-24.172502086700167,24.211616466527722,-3.32841006879105,1330.323664972096,0.0,0.0,0.0,6930.415300266584,658.7222324578628,0.3234789319836589,1330.2093706964283,3.6291376669999806
76,20260697,complete,True,0,,M3,asymmetric drift with velocity-dependent diffusion,28.3338147450376,-93.86574652895813,15.990306552885095,110.5870937951585,3.9299087617265145,24.04459930500237,5.000146449294599,1123.014096732154,0.0,0.0,0.0,-4321.671842153665,559.1729430767385,0.2814421182872244,1122.7541544979215,0.5719019999999944
76,20260697,partial,True,0,,M3,asymmetric drift with velocity-dependent diffusion,38.58987771958709,-130.7307320756509,31.547359812589182,153.35881061433892,-7.021087636850552,27.10538230129964,-4.955001285617181,1288.6823158911584,0.0,0.0,0.0,6930.988282921246,1016.7728023784883,0.5117606187160728,1288.4562170746226,3.2075717909999923
77,20260698,complete,True,0,,M3,asymmetric drift with velocity-dependent diffusion,31.099148584679355,-87.06201102249979,36.77326583822367,87.52705059254542,-1.6219786305445816,21.568165914353358,-5.745030563875438,1231.6344532037344,0.0,0.0,0.0,-4432.7769852990605,120.11128554578833,0.06419098057262806,1231.2519822500274,0.9498924579999937
77,20260698,partial,True,0,,M3,asymmetric drift with velocity-dependent diffusion,40.33022677083902,-128.8279547690859,56.42965712520984,135.92876133479373,-11.066792860064174,28.173603300326604,-10.197625198259042,1236.9526529650354,0.0,0.0,0.0,6798.325545210004,652.6398111160834,0.3487897847892541,1236.0298782113,3.2333015830000136
78,20260699,complete,True,0,,M3,asymmetric drift with velocity-dependent diffusion,30.022674484589757,-68.67418581496975,11.910656195635164,79.09401253062822,4.228895224327326,19.773449976742146,-31.995733920897123,1306.4396124822424,0.0,0.0,0.0,-4212.171639862461,136.17013156238912,0.07005398232981298,1293.4965059082294,1.1081126250000182
78,20260699,partial,True,0,,M3,asymmetric drift with velocity-dependent diffusion,39.87963894059541,-134.49960079926348,57.52116797175628,157.39566600800222,-33.02923847098871,24.294990779029035,-50.54830626333067,1418.3110201287056,0.0,0.0,0.0,6901.527223842416,695.2939052992098,0.35770037376765623,1392.0184077870545,3.6589978329999724
79,20260700,complete,True,0,,M3,asymmetric drift with velocity-dependent diffusion,29.49415842089018,-80.23942674943363,17.36108862533205,96.59890378198796,0.6993681241315084,22.9758351889179,-27.15640182962262,1276.6749971198149,0.0,0.0,0.0,-3990.5855577645148,364.3517543747837,0.18864575673730513,1268.6507859718438,0.8124461659999724
79,20260700,partial,True,0,,M3,asymmetric drift with velocity-dependent diffusion,38.05877012808514,-126.54337843743811,32.45459883877027,156.55137537771546,-5.870950215915413,26.16827602255599,-59.999343172556564,1344.4855508191513,0.0,0.0,0.0,6967.3409407970585,813.409261470628,0.42114852975133343,1310.0935146634029,3.6717547079999804
80,20260701,complete,True,0,,M3,asymmetric drift with velocity-dependent diffusion,23.19999041938921,-92.58127114588684,20.99943770253087,110.01511534442594,-6.541250107657626,17.184683105649622,24.774109176779874,1234.0934448665687,0.0,0.0,0.0,-4000.404567775944,382.31253399858724,0.1860055738810758,1225.1646502175358,0.9414059169999973
80,20260701,partial,True,0,,M3,asymmetric drift with velocity-dependent diffusion,34.635792413151556,-138.36884796641914,47.80836179957989,161.14578739062785,-29.93489791066605,22.653034028806594,11.814728384102594,1350.6793246204736,0.0,0.0,0.0,7061.790960507014,353.71300253508826,0.1720911144021782,1349.1389773573571,3.7361688750000326
81,20260702,complete,True,0,,M3,asymmetric drift with velocity-dependent diffusion,29.521041163049638,-68.90327760280495,6.75467347892421,78.49198623834128,-1.035456754674399,22.585596500833617,-3.8862191359102387,1240.1077769351728,0.0,0.0,0.0,-4171.469519477009,317.5598657139183,0.1643219184698106,1239.9413812151815,0.8445437500000139
81,20260702,partial,True,0,,M3,asymmetric drift with velocity-dependent diffusion,42.81870438525046,-117.00321291338079,48.57163202945342,128.4448770307446,-39.00527501344872,26.81281551586681,-40.061828301278034,1520.3266397634252,0.0,0.0,0.0,6965.723656722161,1017.0844702164693,0.5262921717645003,1505.3622513403031,3.2175233750000416
82,20260703,complete,True,0,,M3,asymmetric drift with velocity-dependent diffusion,27.237885855422295,-101.16026522294337,22.31439041506102,121.41264466911922,-4.356551393902822,16.324458040735845,0.04557941364821762,1400.7275546282092,0.0,0.0,0.0,-3877.95744636534,288.4121544836365,0.1489024780198739,1400.727523663404,0.8995532499999968
82,20260703,partial,True,0,,M3,asymmetric drift with velocity-dependent diffusion,36.42480050347193,-140.29786386090697,43.88082057568248,166.3163540423567,-21.917072413889596,17.62106228801492,-8.944774423444118,1548.4676020438567,0.0,0.0,0.0,7001.000962745213,264.11766517953197,0.13635963055879807,1547.332470297883,2.9817738750000444
83,20260704,complete,True,0,,M3,asymmetric drift with velocity-dependent diffusion,28.42837357996827,-67.03503881958214,17.159173176659824,79.18287282670266,-5.817298136753879,22.405794777121987,30.992217722821767,1215.9754774642008,0.0,0.0,0.0,-4165.850989883269,323.9877243656387,0.1690654533196972,1205.2582426540603,0.8820765000000392
83,20260704,partial,True,0,,M3,asymmetric drift with velocity-dependent diffusion,38.370621869930524,-127.05493752960682,39.61845327757504,158.11119894152117,-22.024305896809008,19.54593124842468,16.540757883667663,1482.1959481714541,0.0,0.0,0.0,6895.889626865719,232.53681430964818,0.12134392437785971,1478.6968574141645,3.319744458999992
84,20260705,complete,True,0,,M3,asymmetric drift with velocity-dependent diffusion,28.07435806340222,-76.3944831105816,14.61117054330185,88.96566198651361,-3.471724453513104,16.693913484090448,-7.865341400530963,1426.3155455618971,0.0,0.0,0.0,-3887.539068760464,283.43634766387834,0.14584407475328073,1425.389123152617,0.7432467919999795
84,20260705,partial,True,0,,M3,asymmetric drift with velocity-dependent diffusion,37.535748063572626,-116.38138590303303,27.01665091920315,140.32130310892623,-13.275587842906083,18.78062827227923,-15.928514727213583,1564.9402996203528,0.0,0.0,0.0,7012.2280683443405,267.1456152631289,0.13746156907388166,1561.5629159166501,3.5057361249999985
85,20260706,complete,True,0,,M3,asymmetric drift with velocity-dependent diffusion,28.621918197155114,-84.49177095921195,6.175694792466561,100.52195960441738,17.568686267224514,21.262593934427485,-18.488167202944272,1305.335635327762,0.0,0.0,0.0,-3962.9332595168776,160.41452146346373,0.08183284220919831,1301.3166977245255,0.8568714169999794
85,20260706,partial,True,0,,M3,asymmetric drift with velocity-dependent diffusion,37.883047105106506,-133.7634465186989,27.35622561470532,169.00893254352644,0.592465565035596,24.238394105979147,-41.19031625252607,1464.851394848194,0.0,0.0,0.0,7050.738197621897,583.890015247984,0.29786193325519744,1447.351876199004,4.035370375000014
86,20260707,complete,True,0,,M3,asymmetric drift with velocity-dependent diffusion,28.25989500396945,-64.93943593468059,12.034428842149085,76.03422616685843,4.08827400209964,21.30894166302351,-20.473670523222367,1239.6982996184856,0.0,0.0,0.0,-4151.474530696154,180.82701302612358,0.09242953456337372,1234.7805148126004,0.6958000829999946
86,20260707,partial,True,0,,M3,asymmetric drift with velocity-dependent diffusion,37.65637253568153,-129.04922083041447,50.99039430537151,151.6461813510411,-25.048070147605586,27.200310287794277,-34.4461071436805,1228.2923285531979,0.0,0.0,0.0,6886.33908953283,898.9950054497297,0.45952033680118254,1217.386950928786,3.7889749159999724
87,20260708,complete,True,0,,M3,asymmetric drift with velocity-dependent diffusion,30.437190986073997,-87.61261532253745,17.867004057807627,100.96866724254166,4.716683381211082,15.43018709734161,9.566681179829416,1431.6454629225661,0.0,0.0,0.0,-4140.77362597972,284.40273546196335,0.15243059728817562,1430.1631770611748,0.9439785829999892
87,20260708,partial,True,0,,M3,asymmetric drift with velocity-dependent diffusion,39.894378735605976,-146.25481681438973,46.12209794844856,171.05950623510202,-15.383869427018263,16.295245464354394,2.066497981369265,1652.7223669391929,0.0,0.0,0.0,6906.29183651083,346.95907397201387,0.1859587559669574,1652.6568589034569,2.674531166999998
88,20260709,complete,True,0,,M3,asymmetric drift with velocity-dependent diffusion,29.118520518239713,-74.42704203674181,10.298226121724616,83.51253256837298,-2.910204315148374,17.978143238105787,-12.286953984156487,1355.1292839396954,0.0,0.0,0.0,-4098.374273287339,158.60227971040524,0.08323567025959039,1353.029960645432,0.8403549590000239
88,20260709,partial,True,0,,M3,asymmetric drift with velocity-dependent diffusion,37.87940099259721,-129.08357596268615,41.35610140813972,148.36412334932353,-28.925736013361146,20.363782515056425,-34.21673180009163,1447.3366662153726,0.0,0.0,0.0,6908.556014747821,237.3834120976891,0.12458060155590196,1432.9636308448696,2.58216966599997
89,20260710,complete,True,0,,M3,asymmetric drift with velocity-dependent diffusion,33.10258894223653,-58.737204138361705,11.689728167005997,67.18677946106844,3.432066989345128,19.577479143762293,-12.349096320192489,1305.0805787231404,0.0,0.0,0.0,-4499.971577533331,33.37659334157674,0.01861389324104794,1303.1332210282023,0.7564165000000003
89,20260710,partial,True,0,,M3,asymmetric drift with velocity-dependent diffusion,40.22291965565953,-130.9093116935293,47.807061058065685,165.85529693585028,-24.944180589659094,17.164901022505255,-46.21466966439182,1485.964416080537,0.0,0.0,0.0,6731.876568294042,273.7244704044491,0.15265422739306161,1454.8576238083513,3.007290833999946
90,20260711,complete,True,0,,M3,asymmetric drift with velocity-dependent diffusion,33.448474912724954,-46.6548503491449,-1.9798192843001312,50.426580435923945,15.134018767991586,23.751811926203175,-2.1175974993763096,1320.883375374333,0.0,0.0,0.0,-4161.05354857066,337.37359907719144,0.1804894088489957,1320.8364991449355,0.965081792000035
90,20260711,partial,True,0,,M3,asymmetric drift with velocity-dependent diffusion,40.13168786661136,-123.56769459646058,36.96460461082721,149.3514040909355,-14.684188376536238,18.868597073446672,-27.989485981128265,1547.9977615011014,0.0,0.0,0.0,6856.681007977284,267.10561232461293,0.14289717452872763,1537.6185533149664,3.6227362500000027
91,20260712,complete,True,0,,M3,asymmetric drift with velocity-dependent diffusion,26.597531715584303,-89.77466314762567,17.096758347006624,105.34524533086713,9.577332556722343,20.912378596861252,3.7155361216996576,1233.823549438743,0.0,0.0,0.0,-4043.7671518477773,100.973804453256,0.05187622039998962,1233.658636262594,0.6784654170000408
91,20260712,partial,True,0,,M3,asymmetric drift with velocity-dependent diffusion,34.763814403402236,-139.96817199139824,38.182115696553645,168.42994699108746,-4.480346649200087,16.01271420986936,2.199997399548224,1510.9011815918154,0.0,0.0,0.0,6985.342641242973,342.70872281473527,0.1760697572405164,1510.825732106706,4.105276666999998
92,20260713,complete,True,0,,M3,asymmetric drift with velocity-dependent diffusion,26.71127243928506,-91.07173536173023,16.786081611371323,109.55273418170988,-5.91570191058264,18.738007108904537,-23.46981352447163,1250.7614534256124,0.0,0.0,0.0,-4152.831501666382,386.03635757736924,0.17870475895656696,1243.4123255123172,0.8645627910000258
92,20260713,partial,True,0,,M3,asymmetric drift with velocity-dependent diffusion,37.15325370720776,-117.92646427244146,30.141731689531923,136.63430370750373,-12.86182371458699,21.26759135640938,-46.24652066020335,1478.3250777520727,0.0,0.0,0.0,7020.126031600474,508.88232421919355,0.23557287105689895,1453.1850010779604,3.27483541700002
93,20260714,complete,True,0,,M3,asymmetric drift with velocity-dependent diffusion,30.777196250378974,-82.70231433673194,13.123801412867339,101.4503463893273,5.294506007023579,26.649439705953423,-49.58790669199152,1184.0298969967514,0.0,0.0,0.0,-4241.001338435937,707.3032711583767,0.3747899953822122,1160.9624700748725,0.788803167000026
93,20260714,partial,True,0,,M3,asymmetric drift with velocity-dependent diffusion,42.06320129625995,-128.49355624008655,37.6358607742768,152.30887400113497,-8.170248448660315,25.443792715203656,-31.768764176155326,1484.7750534503546,0.0,0.0,0.0,6913.497567007002,659.3481930640344,0.3493792780415487,1474.8599055208003,3.3048654579999948
94,20260715,complete,True,0,,M3,asymmetric drift with velocity-dependent diffusion,30.856288375477774,-88.11677904904997,22.011883074145953,99.79246976496748,4.462631207510145,19.191095084024056,-12.511721068759314,1340.3220488224438,0.0,0.0,0.0,-4213.617999979919,78.16422727370205,0.04134269576744529,1338.2827814237373,0.8809377080000331
94,20260715,partial,True,0,,M3,asymmetric drift with velocity-dependent diffusion,37.862590918470936,-114.12256627635031,35.927502053723494,132.29860916983654,-6.197589958777554,21.25963310171797,-12.644692637046063,1379.2092184853593,0.0,0.0,0.0,6872.196351583353,180.51074741163194,0.09547591236156289,1377.329202544142,3.4223969159999683
95,20260716,complete,True,0,,M3,asymmetric drift with velocity-dependent diffusion,27.00602746889265,-92.26131642330952,5.933226847775135,109.08010620638986,13.413655865105822,21.68166293850347,18.444245107278146,1194.967568942826,0.0,0.0,0.0,-4158.617692781204,226.87195890699803,0.11467150769498544,1191.045095224553,0.9404852079999841
95,20260716,partial,True,0,,M3,asymmetric drift with velocity-dependent diffusion,35.56916273722663,-128.01797079381734,19.749545786873693,147.402994295746,6.954325587319614,17.909261135419463,25.277691649898973,1497.4081647187654,0.0,0.0,0.0,6999.501366213317,330.11357820201755,0.1668545637168392,1488.4887350382185,4.065672540999969
96,20260717,complete,True,0,,M3,asymmetric drift with velocity-dependent diffusion,28.967649977248406,-61.6861388129611,14.334646837146844,65.2829139349186,4.600240932267721,19.16854364013947,-39.735157136132905,1369.4328146098312,0.0,0.0,0.0,-4012.452432921062,189.03624320920363,0.09805980200189938,1348.8407093789356,0.9511076670000307
96,20260717,partial,True,0,,M3,asymmetric drift with velocity-dependent diffusion,37.316952531996535,-121.99961781809473,51.07574119733904,140.36686252820274,-17.846827303375637,23.90136154617161,-55.58310745942563,1328.7551766387294,0.0,0.0,0.0,6918.858864377565,497.6754288268182,0.2581618909870091,1296.4402898416197,3.087286875000018
97,20260718,complete,True,0,,M3,asymmetric drift with velocity-dependent diffusion,28.963231816864393,-80.26206148024487,11.837280523686106,91.97722654972347,3.458219072341641,21.435870563485746,-8.231258127075476,1317.387218773732,0.0,0.0,0.0,-3886.1139381370263,173.84747259156478,0.08912318824681269,1316.597029146919,0.6232738330000416
97,20260718,partial,True,0,,M3,asymmetric drift with velocity-dependent diffusion,38.72838387882614,-137.75587440390035,40.03172931816291,164.88187795934772,-17.935715544196356,23.977121058303805,-8.186691741024825,1436.8285797441404,0.0,0.0,0.0,6976.845866220641,510.4609949653074,0.26168865539869685,1436.1297699885756,3.635918207999964
98,20260719,complete,True,0,,M3,asymmetric drift with velocity-dependent diffusion,27.107659050108676,-87.80642566266944,31.67665979941807,106.17372907549026,-21.16444105300694,21.51941543162461,8.70253830322111,1216.670514774275,0.0,0.0,0.0,-4089.0971933183146,174.92955080728214,0.0895281686707264,1215.790728581645,0.8910579170000119
98,20260719,partial,True,0,,M3,asymmetric drift with velocity-dependent diffusion,36.37769846833436,-137.31848486172524,47.48666749560162,166.211722586809,-30.49312763949077,20.54569103224831,-12.783684230365735,1401.6877056667834,0.0,0.0,0.0,6944.242404005046,151.87861189674788,0.07773080031713996,1399.6991928945881,3.2818125419999546
99,20260720,complete,True,0,,M3,asymmetric drift with velocity-dependent diffusion,29.4999248274358,-76.72641758100987,14.314257229257079,86.94332328516704,3.7949940470862025,16.58049969642611,-8.664556524264341,1378.5125379407027,0.0,0.0,0.0,-4183.773951384426,230.6819181585181,0.12188515636587667,1377.3806718963956,0.950867125000002
99,20260720,partial,True,0,,M3,asymmetric drift with velocity-dependent diffusion,37.96045703093721,-122.41109800539704,33.497402335552835,147.05189082883084,-10.004849494994133,16.353487995401224,-35.210672787397314,1647.5261957697637,0.0,0.0,0.0,6992.146510484094,374.42345967606946,0.19783371966896,1628.5733199966753,2.1429894999999988
