model,source,rep,X_mean,X_sd,X_q05,X_q50,X_q95,Vhat_mean,Vhat_sd,Vhat_q05,Vhat_q50,Vhat_q95
M2,observed,-1,0.0008541781040973775,1.0007824536806302,-1.3079278833873498,-0.27851855158331507,1.4521437141671647,-0.06830038896095775,7.3968083109648735,-10.506040118005261,-0.34331503721695134,10.602681743182268
M2,simulated,0,0.10565460785880085,0.852068935405585,-1.2016610907567877,0.18723581766990124,1.4054433146690901,-0.030212418604067058,6.274467466801684,-8.49358015045448,-0.5763061647448073,10.402597320511266
M2,simulated,1,0.02394481781469658,0.8555409787614677,-1.2485905843534173,0.05323414380175261,1.271583812937081,-0.024234708180425547,6.238239193043285,-8.35752152752743,-0.46387578721618083,9.974363519795384
M2,simulated,2,0.07181563581692185,0.8672264617404954,-1.292561912259631,0.24442291382027134,1.2909397740472195,-0.029671504660773507,7.174595987118005,-9.021226669672284,-0.4713973103989716,9.85348047992585
M2,simulated,3,0.046665681627289526,0.8212801319963609,-1.260995326987692,0.09135757617583026,1.3048904727924477,-0.044491288046785364,6.315130477107272,-8.756535922463176,-0.34479672843368003,9.952233610528697
M2,simulated,4,-0.36496508766948416,0.833811124632389,-1.4590755443448582,-0.5312433890322222,1.27958537419294,-0.023323533103584742,6.314731121321986,-8.923616989508641,-0.3569005207978371,9.69082862976191
M2,simulated,5,-0.22316016376239545,0.8283351507823952,-1.3473574294686892,-0.38999361239045593,1.236741208720127,-0.00990386117705392,6.040495360527212,-8.803539239308563,-0.18719493817540844,9.065349127650196
M2,simulated,6,-0.02213435765645561,0.8028466229400658,-1.2894639226682147,-0.00634475642683451,1.3209866377173298,-0.042045012867011546,6.6297034665572605,-9.2457561616305,-0.49394029430465913,10.645866848898628
M2,simulated,7,0.37532829309373344,0.8604635111677448,-1.187236320422852,0.5417583407914679,1.5289660756056265,-0.034971212067873625,6.254643973306265,-8.522204640167026,-0.3146124497807934,9.589081715527046
M2,simulated,8,-0.2620182896096913,0.8419417455096678,-1.4418530799802118,-0.42812941154485135,1.1902222713055517,-0.01873252162607246,6.456992592617766,-8.564986812130016,-0.3306470028462204,9.932125906653024
M2,simulated,9,0.07349616545476904,0.8941172969427732,-1.3609691697552255,0.25824555781427927,1.2950765137728377,-0.04941998679979884,8.518806097051451,-8.989799153111479,-0.3171673576754769,9.827421560858172
M2,simulated,10,-0.0017347970498050587,0.820017200449336,-1.2401517748056425,0.008875954558667399,1.262214263926756,-0.010521765031354807,6.28760252414886,-8.551114374410536,-0.39873138517289436,9.655319794930241
M2,simulated,11,0.18367652134076276,0.8973983779419547,-1.2371408425597392,0.3075339524433911,1.4386230598571628,-0.004791161987056685,6.708799982486031,-8.8550222207959,-0.40784325873239186,10.565051247796026
M2,simulated,12,-0.09466740922713225,0.9069682742105897,-1.4374518064060224,-0.09151398434088714,1.2566490886702857,-0.04155101650354136,5.771644373967092,-7.981962045147026,-0.3620664285459374,9.404188271125069
M2,simulated,13,-0.2375166591738437,0.8537820506440457,-1.3680802780087642,-0.42083365523860583,1.2442719252050616,-0.008654984020094656,6.447859494596609,-8.678841689949662,-0.2510470795406117,9.779993251246985
M2,simulated,14,0.048260683026455746,0.8937208356566262,-1.2660870953739634,0.0473383164553291,1.3700410662143627,-0.010280286490464212,7.5944925897687146,-8.616413370083892,-0.4474616267244977,10.062241911814318
M2,simulated,15,-0.2691062548154905,0.8395199616727381,-1.4083990664549257,-0.4309048259047932,1.25006035003456,-0.0359024486880425,6.740606554881782,-8.703348858247248,-0.3655485663571545,9.675417410304842
M2,simulated,16,0.38198813464337483,0.827301075080519,-1.1488639909747356,0.5402212244622207,1.485060896057329,-0.01997163305659926,6.396274467725859,-8.4038908495045,-0.4253317373523302,9.613693824529392
M2,simulated,17,0.15659153279591634,0.8652650073672689,-1.3546740191085376,0.2310324887918715,1.3651745168019802,-0.009014480961785549,6.216104194769893,-8.139894286166488,-0.31183607857686524,9.300656927192618
M2,simulated,18,-0.2505860643722239,0.8414460941292957,-1.433540372682561,-0.38073156929198615,1.1738827855419467,-0.028771511565667412,6.901706785244187,-9.013685999023188,-0.5280578324538834,9.978196137574878
M2,simulated,19,0.20813925492836544,0.824493815949881,-1.238562156871983,0.27759545712962674,1.3822161045358623,-0.027965212931615496,6.232931709737352,-8.553224743981021,-0.4912352762128702,10.388029088669011
M2,simulated,20,0.10497750166928113,0.8909795211790353,-1.2952125400503596,0.18690312020176167,1.3767309205142673,-0.043978748110027326,6.567754610755032,-8.647014943575817,-0.4900938418748113,10.187981274251824
M2,simulated,21,0.12531350271374916,0.8240021098316377,-1.2141350680506953,0.24456800626659944,1.3170251881250823,-0.02082129032767242,6.255510683370916,-8.454455055726857,-0.42303082436071504,9.812899656074775
M2,simulated,22,0.018185592743336452,0.8069017756576768,-1.2085436782870522,0.08688851175957994,1.2038715492886174,-0.04109187062015409,8.69702998580504,-8.659974285466001,-0.4309277578454257,9.03404941142912
M2,simulated,23,-0.1711458837573413,0.8290185314321731,-1.3342196688986516,-0.30229232158693126,1.18686786765674,-0.04868814673677187,5.945313605262057,-8.0710032827395,-0.5641051201644833,9.268096171284679
M2,simulated,24,0.1629031644160343,0.9032138982289484,-1.2595019152366629,0.3636248802811388,1.3838875493331069,-0.024226977469955554,6.080811265195628,-8.616833699918692,-0.27296758973679447,9.430643620271438
M2,simulated,25,0.12750669612708998,0.8797125772886506,-1.3213546984025493,0.3027283292158447,1.3888383900916688,-0.0035792533859301157,6.726308780028229,-8.715294100334978,-0.25513249822883277,9.78308866675169
M2,simulated,26,-0.2262380494441498,0.8182800216457241,-1.3904652124016883,-0.284734231142845,1.171891767172332,-0.026275022266506947,6.022494049672245,-8.271260972525265,-0.28643346098530253,9.806232999415037
M2,simulated,27,0.22168652241616302,0.8621727244206847,-1.279844482974394,0.42548540067453244,1.3537566010866375,-0.03977028226128466,6.537699836612696,-8.588980125152908,-0.4068600865305305,9.816106024857373
M2,simulated,28,-0.09044422226198578,0.8756218250338756,-1.3535251659636103,-0.09499572066213398,1.275983999426422,-0.005952861582540566,6.694479679599867,-8.985043952118916,-0.1695248101417718,9.683456416531905
M2,simulated,29,0.13503313474553502,0.85384683977036,-1.2764043981688413,0.33644898225275816,1.3045215810758464,-0.04517293951136883,6.248834921632476,-8.584354963166321,-0.43762460324647257,9.182580425480692
M2,simulated,30,0.17542489311708298,0.8771819028463369,-1.218544320078019,0.253230761395556,1.4404826164198332,-0.040790471469154314,5.652516657246048,-8.076740878450408,-0.2318405314245424,8.893156981237679
M2,simulated,31,-0.01994949526956589,0.8883057954053688,-1.362930510156539,-0.03630046203461605,1.3410620071070034,-0.04276088843840287,6.169815201047302,-8.110988731784362,-0.48813638593196845,9.173340553778747
M2,simulated,32,-0.3923793852350423,0.8535812781141021,-1.4379399340639758,-0.6140402496417521,1.2296913150007112,-0.02700615903092632,6.854720474229568,-8.44100711668918,-0.2514711035518924,9.573171795392467
M2,simulated,33,-0.1410495115955367,0.8746632770828444,-1.4028301637745513,-0.24412060779494704,1.3014605834047481,-0.01318932785702591,7.734979511304448,-9.527564134076725,-0.3756950729538133,10.126241336929867
M2,simulated,34,-0.10456267841640128,0.8931516387346158,-1.3672675642711358,-0.19920922848195433,1.3244843775450545,-0.017771797560444027,6.301875103041068,-8.876786129483486,-0.32449700208824206,10.030009981392391
M2,simulated,35,0.07971728318833252,0.9339494844736029,-1.357722389745731,0.24174438399234482,1.372012218348588,-0.03385301030055622,6.031166050248268,-8.207956369230569,-0.4133878984041259,9.143452375547403
M2,simulated,36,0.02546301397908683,0.8740910127240614,-1.2627247350105448,-0.01211153126228276,1.3301960329411662,-0.038487367871124924,6.61813680371222,-8.955319445504585,-0.3236906980214168,10.19448974372749
M2,simulated,37,-0.14700023044984842,0.8180667249354863,-1.2556475290633784,-0.2754511731181202,1.203689880147708,-0.03866015209701124,5.980072766960429,-8.440592468994735,-0.4685627612823526,9.309839317456934
M2,simulated,38,0.0020441842762805437,0.9139986778524075,-1.340235506035769,0.0003716575954773142,1.3619520561882437,-0.045092579442582055,7.590177457635167,-9.300560924622289,-0.40564062380701316,9.619592027035484
M2,simulated,39,0.11084799136309696,0.8377837793280378,-1.2603587155395797,0.1774849183126236,1.357847914070532,-0.011798141903190885,6.472118704345769,-8.381414685961287,-0.41607162956327076,10.292865713803097
M2,simulated,40,0.1692247097259075,0.7801157913530612,-1.1838329958183251,0.2267813827677716,1.3600862378531364,-0.043672487247844144,7.041943619157083,-8.488684445670582,-0.3125001584751583,8.963009394867436
M2,simulated,41,-0.1611479545823649,0.8850678347784651,-1.385904716861273,-0.37700785043548946,1.2450749569321713,-0.043795196740159345,6.082407131686397,-8.522267619576647,-0.29187667701122133,9.187368484175543
M2,simulated,42,-0.05811578757039415,0.8401905100165912,-1.2843756167829394,-0.057114806468501936,1.3185575575139576,-0.033582777271411846,6.155334806831967,-8.378858148016489,-0.38623495673742736,9.412579321370467
M2,simulated,43,0.08423520073731097,0.8986671016235704,-1.337857929493805,0.1836538165944402,1.3598124412962793,-0.006192696433467336,5.888269681233718,-8.45502515911712,-0.3395987187759575,9.240129876085156
M2,simulated,44,-0.0015356929245616071,0.8658070731027568,-1.3319651523728646,-0.06589185547124138,1.390205034014123,-0.03078590000974681,6.309980048910716,-8.6055225937601,-0.4032375324234255,9.74444659012737
M2,simulated,45,0.04128402871147689,0.8426504909395945,-1.2737342903279194,0.060175130096571355,1.2775767078038107,-0.04881423645873104,6.839565250706187,-9.115952128956348,-0.29491738724729544,10.014707463179825
M2,simulated,46,-0.34737513402498316,0.8447736654976894,-1.4728891775179578,-0.5067779453129417,1.1570180717868126,-0.04789005580995254,7.296176708510447,-8.6642387537892,-0.3311882809258315,9.533187835079437
M2,simulated,47,0.20737712119582458,0.845536356375612,-1.3101750656090083,0.3625319600649216,1.5068694502126105,-0.016701122013287533,6.4501366316001665,-8.663341594322821,-0.43963753044768406,10.078425226864919
M2,simulated,48,-0.12671659957315787,0.7940644723186268,-1.2791184494531724,-0.19563763426588715,1.113477313776907,-0.012112180355259164,6.155816445398049,-8.013590018034899,-0.28096324129846806,9.546577836749917
M2,simulated,49,0.4288580204997912,0.7415552520289392,-0.9935787639703316,0.5484426136384927,1.4499055163435837,0.011846552545231105,6.4058231341948035,-8.700882273691136,-0.43881012144911213,9.61035804725057
M2,simulated,50,-0.09532544820488664,0.8235476894197168,-1.3092453405262858,-0.1663777566481104,1.239618131249744,-0.007193533632544651,6.78788596135222,-8.326960867430913,-0.39642682655704964,10.060150528649572
M2,simulated,51,0.1502574072061967,0.8718772962179823,-1.2024968815295434,0.2675356118427661,1.355362881205524,-0.029631816351430165,6.272865947474181,-8.333758871390389,-0.4208248755752514,9.80753768305021
M2,simulated,52,-0.19309890705288815,0.8644344062761911,-1.4052218257381544,-0.2588120568762926,1.2830230069685304,-0.02619257999707313,5.648243571737248,-8.160142562129964,-0.38026008024100444,8.901933389817218
M2,simulated,53,0.3352644027702108,0.7928786837324573,-1.016079988621438,0.38705917227038933,1.4520263664823547,-0.06448818997059778,6.846072297934793,-9.029371427187755,-0.5279113441929231,10.301203087068563
M2,simulated,54,0.17530562667342134,0.8483287318016811,-1.224901847378931,0.1821780975907781,1.3563431530865067,-0.002443788854907973,6.320209493408285,-8.499694742286746,-0.3953932683407879,10.169964049426452
M2,simulated,55,0.08123698606937901,0.9375202868026195,-1.3125356062214293,0.0934804069249689,1.4505586846661762,0.0016913669350644908,6.6595564542940275,-8.47981980490949,-0.42450756564886005,10.193278808275394
M2,simulated,56,-0.12136342525921755,0.8480251830379658,-1.3454253678436316,-0.18014344560073653,1.2614209722990757,-0.04847646331493342,6.220485062967181,-8.39975614409803,-0.48798536359373895,9.941789344967848
M2,simulated,57,-0.32253559767832973,0.8660043605724865,-1.4261508070408468,-0.5106948441210757,1.2224827690052906,-0.021504540822378425,6.333850527564107,-8.941376962605192,-0.26509407201413665,9.098997382117087
M2,simulated,58,-0.13929532921533647,0.8728523170127348,-1.3807250662677248,-0.2072983344404059,1.2483045465074345,-0.04248653989071169,7.042916503904019,-8.869524421115848,-0.4375808405793852,10.137811415809603
M2,simulated,59,-0.4607999215934594,0.7521648171757562,-1.414623564537338,-0.6025869358089775,1.0338748383153324,-0.053582150414946544,5.98038412370786,-8.335366577171644,-0.23370437202179933,9.125331157749741
M2,simulated,60,0.05107378165771486,0.875403127333806,-1.269668376459144,0.02150872256852534,1.3550536885786997,-0.013414072119288288,5.954263956335077,-8.48450023570273,-0.4531049001903181,10.028822918146956
M2,simulated,61,-0.07831211704683906,0.8833753793950667,-1.3372669620514865,-0.18963976448825487,1.3640314465740486,-0.019284656841685167,6.464076612048763,-8.902739714610288,-0.30166491775073384,10.047569597937748
M2,simulated,62,0.03510661095258655,0.8310985063677657,-1.3350421443747775,0.11409652481656124,1.3930171960817461,-0.018212968487193504,6.198510848442005,-8.181405689838469,-0.41798801807872643,9.437588446003458
M2,simulated,63,-0.2501602384111561,0.8494016433485463,-1.466741264340063,-0.3290648129612891,1.2094173242007094,-0.05425733226928118,6.845771272993273,-9.326234522632472,-0.30733689389980806,9.902943759757482
M2,simulated,64,0.06539541280468136,0.8868588264730369,-1.299425827107504,0.11736250045189356,1.3840011199543245,-0.0137017107908323,5.939744043037531,-8.653301727230842,-0.42350968366965946,9.462320309630423
M2,simulated,65,0.012137913322068334,0.8470708884506172,-1.2746831792228948,-0.00500781480824898,1.341418132214834,-0.036652923679584705,5.721291519298945,-8.083869776487141,-0.23989769953154244,9.04308637046041
M2,simulated,66,-0.08023000242871443,0.9256852212950735,-1.3392548073455592,-0.22050652875154378,1.3867081040698495,-0.0027848008310782687,6.645873188120817,-8.676495191776958,-0.34215007992728225,9.531965983319378
M2,simulated,67,0.27186872389772737,0.7972629785361703,-1.1935709085450321,0.4242043277590988,1.3965431963720627,-0.03387316103803087,6.101780559035876,-8.18828966580072,-0.3994715377394334,9.102477223755994
M2,simulated,68,0.1424931012594263,0.8537433747853156,-1.2809945276247379,0.27499623884795177,1.374067015395657,-0.04963078354862355,6.293701293431944,-9.225431405848505,-0.45529609976193847,10.04089452424799
M2,simulated,69,0.1998416947120123,0.8142507326145079,-1.172126513934006,0.27788309103009534,1.358254222844343,-0.034555118459682045,6.12377343128055,-8.577099432213547,-0.4071680239845138,9.998308701435432
M2,simulated,70,0.10653689931025269,0.8432171024892655,-1.236623878489072,0.1649362530486912,1.3490716381788674,-0.011235737327346862,5.912641718181528,-8.30261043975359,-0.25533683982929684,9.10860504091583
M2,simulated,71,-0.20330262297205812,0.8376413917459984,-1.393975485321474,-0.28299331772763336,1.1970861060246627,-0.024235003768853937,6.600888695843766,-9.122907069354026,-0.3996656678517603,10.003249774648758
M2,simulated,72,-0.005483710388496678,0.9120835639198351,-1.3616908409996422,-0.053506383650988865,1.4244517570636588,-0.05324648620369479,6.2526418843581295,-8.583719940436042,-0.3845773610973241,9.683820889295719
M2,simulated,73,0.08362362988635318,0.9159689773119757,-1.391283737848763,0.11298510504975995,1.3767337776298436,0.009025112108966312,7.149189616684247,-8.518543363285124,-0.34214239614782094,9.8959636654281
M2,simulated,74,0.01628151774166904,0.9252419051275645,-1.3872946098504026,-0.013640769103623438,1.3282411167191506,-0.00031578983594005765,5.9921652712790126,-8.22881869683069,-0.3204067321506538,9.234626764798797
M2,simulated,75,-0.2765165903115802,0.858310549598381,-1.4705273031962383,-0.45978707626774273,1.1681882668238637,-0.045243576674985346,6.445805328358901,-8.57439025957405,-0.3831034779680581,9.66246029982411
M2,simulated,76,-0.06850876783532986,0.8461170861608783,-1.302990648219333,-0.10770022957857509,1.2527853059580354,-0.006326025999378976,7.325564304451928,-8.667336028559113,-0.20614410235688663,8.973568970378071
M2,simulated,77,-0.09777230271768547,0.8412290853678364,-1.3149899535787857,-0.19827357022779218,1.3306141477924702,-0.021906877554949945,6.618670797110264,-8.400487696334672,-0.35515783235519627,9.33981037812549
M2,simulated,78,0.324781634170809,0.8739211032459112,-1.1712720614704566,0.5380609822347935,1.5002908526521321,-0.028800044522075696,6.0239463514625475,-8.400784115982553,-0.42977262490151574,9.000083436522795
M2,simulated,79,-0.03569348796573786,0.8375115107916794,-1.3143975610408558,-0.04484649119681419,1.2635425790725099,-0.040242295404464196,6.08670912920824,-8.248783311194877,-0.4018597128122192,9.335844010608302
M2,simulated,80,-0.05328219584248576,0.8944130151461381,-1.304045117996708,-0.12414912957828662,1.3466535615821085,-0.0035178822349090978,6.53850119388576,-8.392756381106576,-0.36232426987765076,9.417319721752532
M2,simulated,81,0.0025411213355404014,0.853062720064023,-1.3159709057755262,-0.005098257287886441,1.3022513294966982,-0.005896078082480642,6.722619169423441,-9.209629581259804,-0.523863077702609,10.025114888719974
M2,simulated,82,-0.2710703564791401,0.8196943304285516,-1.3825278978020634,-0.3483749887660086,1.1489497874145578,-0.04360013792547172,6.407919978197582,-8.663347258747958,-0.190595906134226,9.417784960493885
M2,simulated,83,-0.043716953062961236,0.8416360809598373,-1.341201121691267,-0.031003850562479375,1.274580361212247,-0.024247028022323706,6.32316181197186,-8.68920230455247,-0.3376417247629243,9.704213732477156
M2,simulated,84,-0.06179054962020773,0.9141818616628113,-1.343334065337787,-0.16465184202777206,1.3268587701007089,-5.220385225802602e-05,6.351306387818431,-8.297750441272658,-0.49706399531490586,9.534956147655173
M2,simulated,85,-0.19737503270661244,0.8202271175709057,-1.4179952424940812,-0.28936559848232535,1.1625542282628896,-0.04361017903905042,6.261560450810563,-8.827992733060855,-0.3784920423195177,10.166112038623238
M2,simulated,86,0.21074035792493842,0.8497212205852958,-1.3251036770819105,0.3821811171293923,1.4183146654528684,-0.03682081871073198,6.585656304124329,-9.153014542768377,-0.30433592832731504,9.477860591080422
M2,simulated,87,-0.07132518368273208,0.879034593790889,-1.2805879005343586,-0.16634803812260768,1.3141758021782841,-0.0472795412516218,6.366982703330305,-8.544582618086581,-0.33381565195662183,9.328293946382239
M2,simulated,88,0.31137144393506005,0.8195406977363032,-1.1274655357048826,0.5147922930719344,1.381486021706101,0.003875951697674296,6.2607903976288,-8.2569203565809,-0.6010094784753367,10.382404682856198
M2,simulated,89,-0.21629873978375408,0.7959260100091201,-1.4011465748840253,-0.2586751101291058,1.0496892052696678,-0.027280527613703167,6.087936239605171,-8.655417691314954,-0.28627413420847514,9.482429556544767
M2,simulated,90,-0.05143324320994239,0.8865670976191262,-1.4527215615274838,-0.03786729781335885,1.3414217171703717,-0.04291653620710668,5.836949742152161,-7.72966714590279,-0.3167401842904441,8.841446297618429
M2,simulated,91,-0.013679282402257036,0.9299091348053032,-1.3969030216719938,-0.03503632358063868,1.3150870609387333,-0.0493827750750496,6.304699298156363,-8.251919233714329,-0.2788114122132663,9.045398963648205
M2,simulated,92,0.36230187883747966,0.7272144586545062,-1.0190454117396883,0.4935967273718247,1.3473202855684663,-0.01566029753541452,6.147003252628273,-8.948468016957637,-0.13370011708629115,10.051258873653193
M2,simulated,93,-0.23532183992946842,0.8772425998995302,-1.4284175676440776,-0.3885336168068846,1.314357858234399,-0.056104617539018554,6.388668081699705,-8.97990619019034,-0.5006473166546626,10.1399346912087
M2,simulated,94,0.12244859696985382,0.820436186480937,-1.261893416509736,0.20703151870760542,1.3117361507227299,-0.016198673479579283,6.329491252785575,-7.886945898172199,-0.38481094667804294,9.157971264869497
M2,simulated,95,0.06434156885392744,0.8056119583537826,-1.1924924078700456,0.018607611947503246,1.3687312272255225,-0.028947115492834918,6.19553217429626,-8.417729040377356,-0.19291871141424305,9.255400481797167
M2,simulated,96,0.26969081146985957,0.8101157788733648,-1.190567663162379,0.48238385997428757,1.3231715137138005,-0.027029795939258007,6.766540453495925,-8.794431882027851,-0.39585996562215375,9.753750930103239
M2,simulated,97,0.1504782609431878,0.8624106420141913,-1.2647915004941137,0.20912285336262493,1.3945418489376546,-0.00818017465993588,6.1078226963386735,-8.444053887498024,-0.24763756069444143,9.405213494140447
M2,simulated,98,-0.050017027210213054,0.8651591223288794,-1.3419537636549292,-0.04123882694994131,1.254205989152341,-0.02865142322834026,6.4122072102607195,-8.475525547884862,-0.296543821770974,9.606834350514614
M2,simulated,99,-0.1615162504468532,0.8530280501473779,-1.3725209943803551,-0.26030020105695906,1.2728148171895242,-0.04780181088727027,6.242031813087045,-8.71640267891337,-0.37902520691588115,9.692143478711797
M3,observed,-1,0.0008541781040973775,1.0007824536806302,-1.3079278833873498,-0.27851855158331507,1.4521437141671647,-0.06830038896095775,7.3968083109648735,-10.506040118005261,-0.34331503721695134,10.602681743182268
M3,simulated,0,0.10458302033882597,0.9181449775788059,-1.3055103666191197,0.16719203102646837,1.4395734246429672,-0.053110708514749146,7.671076939541825,-8.862112923520469,-0.5993294550620698,9.549978662333208
M3,simulated,1,-0.1728454712445446,0.8539550228479715,-1.4261179464320206,-0.2562464040975079,1.227760806551129,-0.037086152865840896,6.3380607506363145,-8.863094305660097,-0.367431581528635,9.901997073184868
M3,simulated,2,-0.19623883395512867,0.8487148403447122,-1.3163731936519025,-0.35948171644887206,1.2957310434168734,-0.037714947719018156,6.026988045594913,-8.673298109986693,-0.3585683361501446,9.497699281364387
M3,simulated,3,-0.16063429532146192,0.8501495251173457,-1.379320105179838,-0.23708784801979693,1.214451136794107,0.0008471776243405202,6.3529034778805915,-8.227530741823076,-0.3840484282616838,9.627662365354103
M3,simulated,4,-0.34511035734805295,0.8234131613286595,-1.407026132608525,-0.5138457707101749,1.3613570557276535,-0.03312035199681958,6.29291439725478,-8.490029097048541,-0.36783441539250705,9.839173348642763
M3,simulated,5,-0.3497402823441692,0.8092844586698811,-1.4272368957053836,-0.5253526854099472,1.1443362857803878,-0.05409862821672372,6.5680595925009815,-9.260839248118609,-0.22488156267393422,9.412334609687587
M3,simulated,6,-0.1803078671016437,0.8877012817226492,-1.401982423885957,-0.29496673012801156,1.2762324876313444,-0.03907056920924994,6.518257302800849,-8.69990212305637,-0.36815841572082064,9.828104358755047
M3,simulated,7,-0.20860968067242402,0.8017624343596356,-1.3451888130760121,-0.3228317021909071,1.1245825921370545,-0.031111745654166294,6.029565292457566,-8.389539861829713,-0.37916381253830234,9.030370992874223
M3,simulated,8,-0.06988262651396522,0.9345422560190199,-1.3608592699485846,-0.16310820109528484,1.3342584251220708,-0.05160182698904623,5.756636638191308,-8.074166311787788,-0.25623531512223574,9.313025445560866
M3,simulated,9,-0.003440823038831695,0.866181123012539,-1.2824795363326011,-0.01790483373365136,1.380979044692662,-0.050360630850997026,6.467711250440401,-8.978282113802718,-0.2719653342759032,9.532296610087789
M3,simulated,10,-0.2968832843093452,0.8413625348471926,-1.443104253007177,-0.3833295620476138,1.2185776699745785,0.003685511144844645,6.754453004478862,-8.300512850789948,-0.3617772750198506,9.237875647291247
M3,simulated,11,-0.5103942454676952,0.6986712777907549,-1.407989389105014,-0.6718310118428273,0.8626585598040285,-0.056246755851989926,5.385227260913352,-7.950791943250697,-0.26176041501692615,8.541088908545483
M3,simulated,12,-0.20737981415978823,0.8422448332194327,-1.3583668589213762,-0.34971507427238124,1.2021886337617136,-0.016165444926997913,7.287420440615129,-8.190846315348033,-0.3863108478763061,9.260333959642855
M3,simulated,13,-0.18155624943166768,0.844469012784266,-1.3835740660125047,-0.3363022202030882,1.2744132456496617,-0.045468388356270296,6.043530446809584,-8.202814213611731,-0.3534092098987848,9.457246045008295
M3,simulated,14,-0.05203224931427653,0.8544933885829704,-1.3128353228127458,-0.06403098069609776,1.2924238996365776,-0.05357003925494242,6.978151107560573,-8.69754364143976,-0.3379106119490133,9.078291556844052
M3,simulated,15,-0.09531143760903711,0.9637489577145901,-1.3859037904279836,-0.23077913605285064,1.4274815786071071,-0.04361965521616716,6.613879334164071,-8.830744213591197,-0.5039534419092191,10.177895409979271
M3,simulated,16,0.12133703177273357,0.8591831166577614,-1.2925152423685378,0.2543930860832838,1.3350008069056052,0.003453205008639759,6.484529057054154,-8.788170493748044,-0.3727744546973,9.920973024433435
M3,simulated,17,-0.5536241679079762,0.6777087542637455,-1.410394449695694,-0.696760404725147,0.791250520387977,-0.0343398713812304,5.732884759304693,-8.286550408751044,-0.36015786740844385,9.377712105901207
M3,simulated,18,-0.06664097976284133,0.8688224210379732,-1.3109839199395237,-0.19389107424807997,1.3692532757799443,-0.05930248840675314,6.200725617513567,-8.910737672985814,-0.4322324633265373,9.799646089005572
M3,simulated,19,-0.25016721006049714,0.7820433243555353,-1.3570041090251836,-0.4253757519854373,1.113924954222374,-0.028643086785514107,5.793584851095622,-8.153140999307297,-0.3893612589965678,9.290666107944373
M3,simulated,20,0.4502497755035834,0.7066853877061642,-1.0031920814967643,0.5988773334207868,1.3347089906840062,0.003697046833506977,6.365955030011237,-8.555683692608621,-0.48876663417195476,10.15491290749133
M3,simulated,21,-0.02331324649933963,0.8681258991415922,-1.354289339913448,0.05099254014809123,1.3503826928979703,-0.039981418373817,6.336444019590874,-8.52810172061567,-0.25065145884436424,10.047853413240492
M3,simulated,22,0.20206966171702215,0.8402260945994785,-1.1445924547573274,0.27203820709661997,1.4235315414185281,-0.025193021835018762,6.180249921839052,-8.35368131601575,-0.35007993182685354,9.122540449638597
M3,simulated,23,0.06711657146821665,0.8750161792828046,-1.3315452878124887,0.17331381058906364,1.3434785680535108,-0.005714192823542578,5.7455963852413765,-8.203697136330277,-0.31087300179437616,9.198670190005204
M3,simulated,24,-0.000983206484874404,0.9085786281490186,-1.3284314828067225,-0.057906065037006474,1.3842547072985674,-0.03377734559828465,6.099989294987106,-8.17049377693137,-0.40284153514824617,9.702950533070407
M3,simulated,25,0.11509339590731488,0.8698802697892308,-1.2866462598352106,0.2639714093642822,1.31044995002918,-0.0017492184022325887,6.2685335326567735,-8.342121569525643,-0.27152444619900906,9.583551103956813
M3,simulated,26,0.04249512934656163,0.8158704297430358,-1.2253988396529807,0.11548002911401709,1.2559840071323052,-0.009705815830844074,6.111698060565093,-8.470903093085361,-0.2520437373674295,9.530975658281026
M3,simulated,27,-0.13159658461818485,0.879385561987103,-1.3760892874157296,-0.2511970471056222,1.2965779311106214,-0.008076860763134476,6.6655094202476395,-8.444593686707394,-0.5337931909872168,10.188113361740776
M3,simulated,28,-0.32729502504380326,0.8466712621764233,-1.466817036337665,-0.4322794032516784,1.1915752583060757,-0.0551667122671546,6.794183716203708,-8.881637982112442,-0.28432894365674755,9.423223343979283
M3,simulated,29,-0.03849275714603961,0.858630718057921,-1.2271193595863503,-0.2129095447113481,1.3562085902450252,-0.0389459639648342,6.14827087752568,-8.234963686310268,-0.5198730189930362,9.210371365507271
M3,simulated,30,-0.05956043771059128,0.8491068264828306,-1.3145830543776045,-0.0841544488158635,1.250177298202816,-0.04163943255154009,6.408847449431706,-9.016998440810209,-0.35294779315369895,9.500120087434501
M3,simulated,31,0.015191007601062564,0.8041438272137298,-1.2611567532349854,-0.009782671847954325,1.266585387817213,-0.041187370381181185,5.751458196267321,-8.478827195182943,-0.42254849137790124,9.037734713162031
M3,simulated,32,0.03861892832646129,0.8889709108171175,-1.2760094108474092,0.10604509690977572,1.3871810470226014,0.0016102797741150254,6.471484970649917,-8.271212089531149,-0.3139411148361082,9.42915775957039
M3,simulated,33,-0.00905668299422739,0.8933132454707363,-1.327980276140038,0.045414722782510825,1.3096011081042562,-0.023508367955105833,6.441897262848633,-8.23125942686367,-0.2986040058251774,8.919706820432848
M3,simulated,34,0.06514542411227804,0.8496805235981959,-1.1735681505591906,0.027274525324695,1.4061821382706727,-0.03650046005970212,6.628963169109779,-8.218342875478534,-0.4409521155392636,9.620848465417879
M3,simulated,35,-0.25247195142788376,0.7969731990708788,-1.3575285956911072,-0.3237993763365059,1.189753783469127,-0.06248990905759046,6.091811201832299,-8.548106778152677,-0.33188891249615116,9.524534401265582
M3,simulated,36,-0.005015658346990415,0.8477095123092575,-1.2545722073285723,-0.09726956928497614,1.3307798810641003,-0.025549056639336515,6.051338186089042,-8.492636534693776,-0.39585496781200796,9.170497011272957
M3,simulated,37,-0.48415484459982583,0.7083782648430008,-1.3288372066791005,-0.6793319159232488,0.9632414628020635,-0.03015067356634797,6.437084833911601,-8.019582971178115,-0.3259103030595616,8.826629380305341
M3,simulated,38,0.340955324204238,0.9232032737151264,-1.3367609340805946,0.5483990923600557,1.4971746711303342,-0.028456433967050054,6.686315070245279,-8.316903620819923,-0.44994095651505334,9.452120787041677
M3,simulated,39,0.07244930754512773,0.8835419882223762,-1.2999815633575493,0.14772815849175985,1.3245272086295545,-0.05412791400124263,6.269436384127303,-9.138775614390402,-0.35226885542142816,9.579907747880034
M3,simulated,40,-0.18320631262285153,0.8095788711336853,-1.2902969360488434,-0.32066410130303963,1.2441312283199975,0.0027547966744729366,6.442166493357424,-8.933496109047876,-0.3130083580556456,10.353824209626998
M3,simulated,41,-0.38588533344725867,0.7268637180058615,-1.4194266494383327,-0.520811737436359,0.9354383921737451,-0.04078134282642722,5.90643330051443,-8.533002247063447,-0.39752222705557033,9.15958403030093
M3,simulated,42,0.09554956462262458,0.8647884626079639,-1.2868028017359596,0.14913690255542944,1.3772067865933713,-0.005739915611719209,7.046854288027366,-9.121870648572663,-0.43336957985754404,10.686325037190196
M3,simulated,43,-0.2411377697885412,0.8921717545596128,-1.3889742359616688,-0.43665791474416876,1.3294629663187802,-0.0403081218047516,6.483500842926628,-8.709734586902409,-0.3323169450982877,9.798649414732846
M3,simulated,44,-0.08068943750963863,0.8392671606018874,-1.3626897530558926,-0.015086358097654733,1.2757263862260628,-0.008023199918938878,7.578944626769443,-9.184251576948396,-0.4564112821267924,10.766397606872578
M3,simulated,45,-0.2212336860741817,0.8370063491817402,-1.3703308930320481,-0.3759808857495136,1.2514226728941258,-0.0002916876830494232,6.1495099605128765,-8.305476901022267,-0.15346210728424614,9.230019030934987
M3,simulated,46,0.1232261454945694,0.7751235617264123,-1.1054133376704331,0.1589864434712167,1.3447688671448033,-0.008551224200652146,6.889527596114083,-8.666117842252754,-0.30051437452764673,9.837550260337167
M3,simulated,47,-0.08963265925931693,0.8649375402738924,-1.3475044712029258,-0.10256859304211176,1.3017322895550565,-0.03117748992533979,6.766602646332138,-8.148536586811568,-0.2902988232963727,8.990964718152082
M3,simulated,48,-0.24775644673610478,0.8838409274771569,-1.438078095621183,-0.4487511502821279,1.3091478947893027,-0.0559956199100294,6.346200641791638,-9.033267925985044,-0.39627578351899423,9.940409570235005
M3,simulated,49,-0.038890278328484844,0.874040445992054,-1.3414676355805277,-0.028743176762706928,1.273997272689957,-0.041836017525671454,6.223108172044436,-8.576557341053313,-0.3938972553025222,9.526700798504171
M3,simulated,50,-0.14707819983116846,0.9141708406823151,-1.3649823682018682,-0.3346883072812643,1.2650181426431173,-0.0172682247490589,6.132304212792403,-8.34353299005901,-0.36349195793052846,9.402090733496506
M3,simulated,51,-0.20391189909601476,0.855479958536699,-1.3655739219885874,-0.3166897777934097,1.2348364523437714,-0.03318745749621199,6.786736314438751,-8.883659074611765,-0.42016888656600526,9.619686793623593
M3,simulated,52,-0.17472498959671262,0.8736786467250969,-1.3752432721597287,-0.31600789802467955,1.2865845154498445,-0.0351384994827428,6.1438961058275545,-8.331948978746949,-0.4445129699392286,9.700398017883176
M3,simulated,53,0.32718160566241256,0.8044406464597409,-1.247602002888941,0.5259850288683963,1.3094383885967087,-0.005464531829714696,6.12757389222247,-8.74212640807885,-0.34639836141890384,9.725259511621475
M3,simulated,54,-0.45165113385002126,0.7901025973273373,-1.4468069745756749,-0.6573135828698846,1.1158728316916673,-0.05494645586415826,6.330125597549778,-8.865543914758899,-0.1691993578018136,9.178082252697159
M3,simulated,55,-0.008986633373527047,0.9045176875139304,-1.3500044416260661,-0.008071168849042661,1.3314074112709022,-0.030277453559138256,6.768259918518462,-9.139877606965564,-0.31592711361685677,10.255457829825291
M3,simulated,56,-0.173490343965551,0.9174641497026005,-1.3990607047979156,-0.34070696463195227,1.4092806374637157,-0.03193617518872564,6.260594880885251,-8.749741465423465,-0.344395168882633,9.714229854103033
M3,simulated,57,-0.07281792285883021,0.7662250251835452,-1.2972488570657557,0.005954803879208123,1.0782218043814877,-0.014366556461165948,6.371825487385715,-8.406818811449355,-0.4328840722944538,9.727311461690837
M3,simulated,58,0.05115414728219123,0.8429120534443325,-1.3558086974421846,0.10781910405033238,1.3167375187603116,-0.007046198773716276,6.099948150614415,-7.875804518434155,-0.2340361951136044,9.1411855277036
M3,simulated,59,-0.11256783555126508,0.8461330990474574,-1.3881181579912125,-0.19864559506768503,1.2918010323934463,-0.004018940032414298,6.753875160347649,-8.577875769454385,-0.2659082363093618,9.61423057729973
M3,simulated,60,-0.021669553355683296,0.8131726846978734,-1.2954446403063464,0.027701415988619287,1.2233340635860275,-0.03320045233525756,6.08431335041912,-8.351827945588232,-0.4262034824422972,9.617023638391862
M3,simulated,61,0.027189301065094106,0.8571555803485489,-1.2221109794941756,-0.031232105706754817,1.3223143549573024,-0.031904289173019275,6.323609558828958,-9.06555761137022,-0.31819444176414413,9.906874530000735
M3,simulated,62,-0.019560149646737978,0.9528736650325511,-1.3315122168447762,-0.19431849099328247,1.437622339275241,-0.023643554833529663,7.469969626644333,-9.46757230572759,-0.3149339154576737,9.9956924108482
M3,simulated,63,-0.051147707056418176,0.9275674930449249,-1.3652016681124974,-0.13327701500107642,1.318480564498993,-0.04009324516522697,7.334574827468142,-8.967362387632575,-0.4361659548804686,8.917045928933039
M3,simulated,64,0.015024587582129413,0.8540005536597925,-1.2475409312242756,-0.02942913032501008,1.3584982048062069,-0.0027566201942248454,5.735569614365392,-8.207797577713837,-0.2904564618517555,9.681234923897419
M3,simulated,65,0.012869389983609062,0.8598789671284829,-1.3070340233139894,-0.006181947880225339,1.3044785500390166,-0.030447260311006755,6.120952130993605,-8.235830720450242,-0.5438625500397448,9.760777775497225
M3,simulated,66,0.0500109679907304,0.8731536081245255,-1.2184481749802794,-0.0032809440810557125,1.4141911185802807,-0.043242140950317164,6.942568570451583,-9.065728157143699,-0.3672958535642812,9.374512839158097
M3,simulated,67,-0.26317325172051714,0.8357173826773013,-1.40614522868035,-0.3947785012183967,1.1884717656241872,-0.026952274946380795,6.5151987883345575,-8.161136637907981,-0.3041677107692334,9.140680591547158
M3,simulated,68,0.22172682887285378,0.8537417458424665,-1.2414034377106566,0.30156508518013936,1.458921259412106,-0.026446999815336516,6.972913298599884,-8.872621997726043,-0.33927309604838696,10.12814153865406
M3,simulated,69,-0.19760848257999833,0.7944611909266606,-1.3228420339721214,-0.34997685006446416,1.1763209804903536,-0.021149929178071767,5.908972700000599,-7.949407341384202,-0.32097197641641484,8.92028422306761
M3,simulated,70,-0.1776260882249883,0.8798086053697637,-1.4101706224177688,-0.29175157238220467,1.2704548164665626,-0.043306261807806584,6.601328357589319,-8.392150195616535,-0.34059822145199037,9.793618538137009
M3,simulated,71,-0.16265636318041224,0.8936885120394014,-1.337913179411797,-0.4167950582786392,1.338564816921705,0.00847052232762146,6.560981395345062,-8.691159504808594,-0.437290658619649,9.807865435288035
M3,simulated,72,-0.13097834467922784,0.8168263098441941,-1.32844231852379,-0.13944858153590367,1.2830886350518105,-0.04191456287006628,6.201673616300352,-8.83967533335073,-0.20247432720789105,9.283840802595085
M3,simulated,73,0.10792881520709968,0.8830817380114522,-1.2621515747288243,0.28847085275963613,1.3314389915503855,0.010206507797477962,6.224739086558579,-8.018822456984092,-0.37878749783787774,8.918695663039824
M3,simulated,74,-0.08316067930244535,0.8345469089471644,-1.3303025125264232,-0.18818817278996824,1.2542555377753348,-0.01098208229662469,6.187458039073278,-8.521240725762347,-0.3820929509005311,9.38717501874304
M3,simulated,75,-0.04240144544914476,0.8668238174270002,-1.3667944597075028,-0.10204234698832401,1.2995772740433587,-0.02808191729236755,6.416007446105213,-8.767814426192189,-0.499777683728414,9.890239531466356
M3,simulated,76,0.11501265433709196,0.8491306425318995,-1.274734629971561,0.13205627898166872,1.3851749046608826,-0.04083841277339971,6.294481404004726,-8.452167878029321,-0.41545324914777915,9.853106964324649
M3,simulated,77,-0.07995446154884123,0.8157602201165204,-1.28476932058982,-0.1201820692901367,1.2588421394805587,-0.013441685850688813,6.826834440684528,-8.177384102629667,-0.41186486394435146,10.225351098938676
M3,simulated,78,-0.2610966041670762,0.7994844723489986,-1.40837399305906,-0.3191059040101037,1.0995673738210927,-0.018356156882646343,5.782040297164574,-8.45740236789578,-0.23897778709743023,9.798991947644419
M3,simulated,79,-0.20094178578785118,0.8427621346225135,-1.3320022710962884,-0.3355536116869071,1.1997031022937508,0.0020195155866526023,6.78560530882731,-8.554857800890515,-0.502613978770794,10.182542807241154
M3,simulated,80,-0.3597842003941919,0.7933429889989811,-1.3920031110688007,-0.5460726756403091,1.1565708851902126,-0.027500507761435353,6.2726534264843155,-8.628289453325134,-0.36197095644962607,9.965141467877535
M3,simulated,81,-0.15158520615588836,0.8927168827372874,-1.344754992180931,-0.318389005773728,1.3262363627244864,-0.041525488256576946,6.62155055866989,-8.74281682771085,-0.3308227571159672,9.26964626204226
M3,simulated,82,0.09401409068381358,0.8397374570568603,-1.3206321662124567,0.20774163198588202,1.2762929834837156,-0.004352661674284019,6.294644331856545,-8.015061039276416,-0.4118115845986009,9.602937618898217
M3,simulated,83,-0.3028050372848423,0.7969045836969814,-1.377145108787572,-0.4386085875610559,1.1930806843863355,-0.03582624594909264,6.195471639441828,-8.647030673729045,-0.3118098947497955,9.99266810169801
M3,simulated,84,-0.15320853409580987,0.9086075044777817,-1.2906631267114799,-0.38872020351651004,1.3668721807772233,-0.008695479630419322,6.202020528571275,-8.038090131414538,-0.2411097654140354,9.14886676076783
M3,simulated,85,-0.04407529109780436,0.9526127241095658,-1.392224616101345,-0.08874256873001338,1.3169347051864193,-0.005409581246260461,6.092948263666153,-8.810284504063633,-0.31043512884453284,9.646307879499567
M3,simulated,86,-0.25967039391561897,0.760341003171399,-1.2835368302709163,-0.46844481747867084,1.0259825186054492,-0.024822247117730158,5.787232179831062,-8.147950813173404,-0.43762737843226485,8.9408664653144
M3,simulated,87,-0.056350606144440644,0.8958339924426223,-1.408099271315187,-0.004248216902137563,1.320355749451557,-0.00010097621412296008,6.645449553724832,-8.304162349280594,-0.4297896166023163,9.521593398344358
M3,simulated,88,-0.0423991365032652,0.8454397936911756,-1.287233102314544,-0.01946980147717928,1.2483419180325088,-0.047791007172939694,6.155863950065127,-8.359889754850034,-0.5455633789563055,9.640546325470565
M3,simulated,89,-0.034193727384452,0.9506342646922901,-1.3472386523458955,-0.07775307281801616,1.4032312231280264,-0.04755386750855858,6.696304525908492,-8.419760897366285,-0.47549079146080864,10.027579778178714
M3,simulated,90,-0.3744103046645482,0.7860886255097342,-1.3818049075711414,-0.5812055011108043,1.0953655566632547,-0.04736456019738224,6.07534959181381,-8.739236473209646,-0.41391150641336416,9.364343924765755
M3,simulated,91,0.2706228728988453,0.8590883258636252,-1.1762401464412622,0.3335833984457198,1.5098138872183258,-0.04151044379228935,6.907272361342889,-9.128075616605205,-0.5009607061040672,9.827241908293134
M3,simulated,92,-0.03885422223636006,0.8531653360033574,-1.2905062560562874,-0.1232174398586344,1.3695769141480387,-0.02262622169525414,6.298391650270124,-8.490454296735358,-0.4515654911586342,9.898109285489296
M3,simulated,93,0.08292909201447396,0.8240900539383803,-1.2674008625845938,0.18649267363586414,1.2939706660547796,-0.0145806572123409,5.919918824726242,-8.295216191095275,-0.3886636826722925,9.533108053537033
M3,simulated,94,-0.26817816807526346,0.8313779611428411,-1.356106847002236,-0.5066892835144643,1.1623321056070122,-0.0258175734749465,6.55699687376696,-8.862053567121793,-0.26075443423347333,9.40532886248771
M3,simulated,95,0.11107358501446765,0.8516738239328143,-1.2656046494345776,0.19449501527444793,1.413915639291365,-0.04816921162266014,6.203788805130334,-8.170188577284199,-0.46349196638190704,9.763189144153731
M3,simulated,96,-0.2685290813738409,0.8166938136767,-1.3587682364865812,-0.43409035910221755,1.2519087550704049,-0.04800578714279507,6.619777114855987,-9.306242632405745,-0.2857101949042512,10.006587468853226
M3,simulated,97,0.21214772258475573,0.9096468858833521,-1.246435223794453,0.4524620153303115,1.3777094288998912,-0.015353501750135638,6.0150923954898365,-8.723346513472732,-0.3294371274475655,9.668036187235863
M3,simulated,98,-0.2628712019069448,0.8069398218158581,-1.355054212322043,-0.3552334977692575,1.22521132107876,-0.003218987439188487,5.928080145920955,-8.460711783749156,-0.34573101182161503,9.728309738418261
M3,simulated,99,-0.10041615828347923,0.8646478670246883,-1.3064342468483214,-0.17065977276611635,1.3220701863900495,-0.05535674478814283,6.602375196578643,-9.044670317695452,-0.48150586782847865,10.11607816100445
M4,observed,-1,0.0008541781040973775,1.0007824536806302,-1.3079278833873498,-0.27851855158331507,1.4521437141671647,-0.06830038896095775,7.3968083109648735,-10.506040118005261,-0.34331503721695134,10.602681743182268
M4,simulated,0,-0.10158387353518306,0.872311311420786,-1.378679675066888,-0.11360979158197865,1.2785992764971392,-0.005404143853930904,5.938232057897728,-7.706126703929071,-0.46614471452735073,9.371226346486653
M4,simulated,1,-0.09439110339544377,0.9643627094176643,-1.4840142250479365,-0.1349457821886931,1.3868156827746172,-0.006618993992477988,7.226814651290396,-8.541579165205082,-0.37445666421355855,9.511330295729657
M4,simulated,2,-0.32494981156088054,0.8545385501908188,-1.427830018711938,-0.56726973376206,1.2563244169252248,-0.04151752429024674,6.304045170210909,-7.993960748352024,-0.5855289353844415,9.470855901630566
M4,simulated,3,-0.07573942617964337,0.9187500160612316,-1.374982004436439,-0.17416176770979314,1.4027532861833998,-0.03716561608049957,8.816407364022488,-8.300845325626234,-0.45565977761401755,9.614075628603462
M4,simulated,4,0.050994927824799266,0.8546241603608272,-1.2351279378023912,-0.03017886030213915,1.4455761615335085,-0.0031874244114816035,6.705334924583307,-8.673853544181137,-0.349984002867218,10.55515681617405
M4,simulated,5,0.002518773281447875,0.83380255326325,-1.3032829191150501,0.05778169334131445,1.29183112359151,-0.013620069726338755,6.701409678052975,-8.67647646389437,-0.38934373453526905,9.728299538481824
M4,simulated,6,0.21962500921739628,0.8702454647267583,-1.1719057488619837,0.3903155810726897,1.4508617417261842,-0.05674448269110078,6.615758489899638,-8.509533531492682,-0.4437168689383486,9.474644900172867
M4,simulated,7,-0.12786143557650154,0.9442254152170392,-1.364429085747003,-0.3429858639874027,1.3568090956866066,-0.049656379355633024,8.30126501354544,-8.494858370526602,-0.4620405412907258,10.210400124238609
M4,simulated,8,0.01529141582756402,0.9262993738970703,-1.396136936872686,0.016511522373814008,1.361530050037062,-0.03421571699051839,6.327531741819946,-8.478993044951494,-0.3797476934525007,9.585287903655543
M4,simulated,9,-0.30336190802643725,0.8706908160679024,-1.4625827041318888,-0.48060550117930434,1.2416217948222081,-0.009839432040910093,6.585230282821332,-8.9336979709495,-0.34099474100211974,9.949646185023546
M4,simulated,10,-0.09344564772438407,0.8640088212973762,-1.3134794441243487,-0.22114992123267935,1.348448789207871,-0.020819302273868766,6.372972975308811,-8.364079240958969,-0.4519680672805171,9.816530129220782
M4,simulated,11,0.07342788161715641,0.9225193893808687,-1.2344868357634704,0.035794261613122644,1.470056262848932,-0.04771118574624094,5.952753851471338,-8.367872842029414,-0.3000114910553291,9.2036368677874
M4,simulated,12,-0.10741058838289555,0.7800171583106743,-1.3226853649871866,-0.14286186357217118,1.2197477699575345,0.00940805204544032,6.271422365813222,-8.720115241699364,-0.21119882290178693,9.66010206420346
M4,simulated,13,0.026619263912900783,0.9349849289292769,-1.3662573470651371,0.06747400744093873,1.3735975800621274,-0.003303657788219044,6.345553192484347,-8.33987518079605,-0.48333156801124433,9.474561164020132
M4,simulated,14,-0.1923571127039565,0.8934966088633498,-1.3707637869553342,-0.286789777738105,1.3497001035819818,-0.057784283374293,6.44543227023865,-8.173184967632992,-0.4978864942257105,9.395449506554066
M4,simulated,15,0.20355433463455394,0.8967946911354139,-1.3160450492653384,0.3194498064347259,1.471532174104732,-0.004877459173021796,5.937572716190014,-7.9344233764064835,-0.3803789766750637,8.827072694431138
M4,simulated,16,-0.029800792890004573,0.8845010488110946,-1.33373031477336,-0.09306210042630814,1.4116592936605277,0.010806969830681697,6.563864703441568,-8.735866399802369,-0.41854402139822333,9.525013241497744
M4,simulated,17,0.056754074786960686,0.9514286393819151,-1.438284948265256,0.2203702814203083,1.3947300023424034,-0.02702836712191266,7.000426032613357,-8.217134142166433,-0.4019349688943269,9.352102220983983
M4,simulated,18,0.02856069603332254,0.8279688195386264,-1.2724502944965042,0.11665253866543439,1.2562948719275064,-0.011015475561502501,6.176553585628511,-8.430259684524227,-0.3126702477262294,9.128318617256797
M4,simulated,19,-0.2655988436575402,0.8026513189729911,-1.427978590094196,-0.3875770279566748,1.1410971234353495,-0.022660126754837296,6.663271521849783,-8.649140399730877,-0.567376195142763,10.063593977851834
M4,simulated,20,0.365013354085591,0.8327642479172336,-1.1621346678225561,0.5624270622475067,1.4576070970417274,-0.027203773387543286,6.353514299917979,-8.167997417066985,-0.2874442027614346,9.583471138118353
M4,simulated,21,-0.03540497209187904,0.9602111212174171,-1.4047657034331567,-0.08748623742893594,1.432012928990671,-0.048763156279395814,7.10316575150191,-8.813110699501868,-0.4277002176170733,9.819572006508556
M4,simulated,22,0.15788012221028094,0.9528810634715974,-1.3957160502771955,0.4165444016502935,1.4286670540710826,-0.03983889366230717,6.425104154484835,-8.972326622113359,-0.4926415829991426,10.320761951574736
M4,simulated,23,-0.07063665483578782,0.7962691065907613,-1.2417906802369838,-0.14658976111927513,1.2692495025733577,-0.032470084351514106,6.077500183822363,-8.256081121353539,-0.4221675548308691,9.38560406462838
M4,simulated,24,-0.18111494521242372,0.8654749483604938,-1.4155433390572403,-0.2397130713694959,1.2728868637682544,-0.043849854314841036,6.234371322629121,-8.47609254492483,-0.3366558164656419,9.625925696224863
M4,simulated,25,0.12119616608505986,0.8521012917066414,-1.2456067153876484,0.19209800838351299,1.4099105737512245,-0.03475064461458981,6.526808434870056,-8.153861417961625,-0.4480998712547507,9.490769568004033
M4,simulated,26,0.008064023614522688,0.8437149824152307,-1.3073501644389338,0.03485315195681807,1.2346650532032577,-0.030680259259296485,6.5240241598213995,-8.037953703127878,-0.4289205987157707,9.503485341723353
M4,simulated,27,0.19387665669761764,0.8965922288125373,-1.2577975022320853,0.3370583039347594,1.4196289233940975,-0.030811409688262965,6.314265589961337,-8.544981000773777,-0.22623048959150988,9.190795460987083
M4,simulated,28,-0.1047869574662368,0.8684282224187587,-1.3813400008455343,-0.17174666156869067,1.2604354285165027,-0.009961343462642575,6.234400261386094,-8.333683143456886,-0.27969764302982064,9.689208898313826
M4,simulated,29,-0.5305766831138716,0.7952050797764671,-1.4439860201126824,-0.7871631646995612,1.0710848327154736,-0.026387000574394186,6.231537707709461,-8.292760175078692,-0.5637235522105717,9.983846240918473
M4,simulated,30,0.20485142986368474,0.9353105127507381,-1.2641260966868386,0.3498749489589785,1.391602194900912,-0.0315969719116338,21.193095659139576,-8.124301830807154,-0.3999375869138039,9.646183062339322
M4,simulated,31,0.19443032933782364,0.8590389303577813,-1.2598097810259776,0.34878571241119377,1.371258953732335,-0.027738627968973414,6.653458421786526,-8.643969219525315,-0.3197450634922827,9.30319715516756
M4,simulated,32,0.20931671395216972,0.9349079556655385,-1.3247770228633196,0.3699974720823531,1.4050092413387067,-0.0229158740430272,9.847182748141057,-8.435331924773456,-0.26793590271924284,9.469606694134553
M4,simulated,33,0.03362288096618145,0.8700812152289659,-1.325985666977898,-0.034031700270952175,1.3445017458359876,-0.0004955854011176285,6.9935003757438,-8.167805340064486,-0.22438687187450457,9.856664416496606
M4,simulated,34,-0.2939776628306238,0.8200661406585463,-1.447937231569091,-0.41386334375034034,1.2055373180068023,-0.006275991739191164,6.609324930681947,-8.748496305862714,-0.47499787922260783,9.980181795111793
M4,simulated,35,-0.18769856472634483,0.9315718652062273,-1.4619211211739984,-0.3156509472766,1.319068705823107,-0.029267058957082384,6.69611142222845,-8.394503776736729,-0.3263286876252325,9.438075589678363
M4,simulated,36,0.1148907935297731,0.9412759507819571,-1.4254944593167937,0.2927733642133504,1.4414879842853485,-0.0005277537485948642,6.414518261512095,-8.367853677000685,-0.41480153977649925,9.289681238813552
M4,simulated,37,0.23514899034495407,0.8637342910400801,-1.1631691755297384,0.42673708837402896,1.4100323952508547,-0.007987192857903717,6.154004656169492,-8.562687919297097,-0.29705146441317,9.465779771477193
M4,simulated,38,0.17219505367538623,0.8693450394655451,-1.2821801779724835,0.29390703232294924,1.396166898006029,-0.04010474215964549,9.05158221359349,-8.98789759818484,-0.3871907872640537,10.315761453032874
M4,simulated,39,-0.14580643314053882,0.8660601398897315,-1.3486966657353734,-0.22844994416322473,1.230030296139264,-0.05486411006355413,6.50097630987159,-8.540049400267087,-0.5658627137281868,9.322141516967536
M4,simulated,40,-0.09539983278331018,0.8481704436727794,-1.3376828249394914,-0.26640915758925987,1.3618886612191494,-0.04206695076266176,6.111857233114377,-8.247910439049388,-0.4916153674051509,9.360183982930401
M4,simulated,41,-0.2832571647192825,0.8880618584951453,-1.3946392926953355,-0.5376299325152429,1.2744864903192696,-0.047109468389024946,5.815204034542497,-7.8019219486166875,-0.6103494989276912,9.456520533277441
M4,simulated,42,-0.061127690969804416,0.9609806852379906,-1.3704947299501185,-0.17703240522413657,1.4403203135551672,-0.05386811102840004,6.134838586925705,-8.335022215839484,-0.42181636053273963,9.408627369010139
M4,simulated,43,-0.26251165507900914,0.8505076846082047,-1.4273505754858522,-0.43867990328514694,1.2223461055356668,-0.020270808605904425,5.962987387974775,-8.11061169528721,-0.35804860404443917,9.363393916807194
M4,simulated,44,-0.032450045463434316,0.891530009525502,-1.385032781359134,-0.04795663371934254,1.3217615542769978,-0.0470311127794688,6.155154191592267,-8.135410194354492,-0.3627823245574327,9.428538055994029
M4,simulated,45,0.13981361369078268,0.8967675629040944,-1.2465483186123554,0.25741456591717465,1.475009432272278,-0.03951492432569383,6.74914530098032,-8.88105660464914,-0.299789022028929,9.284802747811574
M4,simulated,46,0.33116427892701134,0.8488517697205205,-1.1239066791909234,0.4745854639827055,1.4903680845296305,-0.05136426561742944,6.828586679822209,-9.255410235257681,-0.31364207045057324,9.758878671045167
M4,simulated,47,-0.13001290053333822,0.9383590938185372,-1.3812298011684494,-0.28808200023620245,1.4535447069839527,-0.03977838843711088,6.808933019055858,-8.834121628131529,-0.43950008238040905,9.539595011740476
M4,simulated,48,0.17777229657360868,0.896239052927598,-1.2519277341112283,0.33330625636545874,1.43541318957859,-0.023932463561040687,6.161403827019371,-8.875957933784505,-0.43206431653912414,9.671642506236926
M4,simulated,49,-0.1298585399821575,0.8750022307331551,-1.4383350297920257,-0.26098723286525527,1.2650420125552881,-0.04013146755109801,6.463302998121425,-8.868757868144296,-0.3130842712989573,9.36332199420643
M4,simulated,50,-0.04459588868659853,0.8395180854863169,-1.2560779862731564,-0.10132661554923747,1.2513455537281333,-0.016890229248026422,5.999673746158399,-7.878334467332649,-0.4062268919368305,9.213860083703524
M4,simulated,51,-0.15995851904133615,0.7897308097133269,-1.2832887897939773,-0.24256850621876092,1.1301709295845275,0.008908269076327167,6.233039349132527,-7.855584526693707,-0.34036226940327363,9.651876388245617
M4,simulated,52,-0.05568437578040514,0.8319074624047506,-1.3328502125013033,-0.10209738605236492,1.2897333115413,-0.04421389028932568,5.903687763623485,-8.557394009035237,-0.3661525000689635,9.039597339570093
M4,simulated,53,-0.28702723157108573,0.8468122594808903,-1.4328365947492354,-0.4375694216697896,1.2905680994198527,-0.05125283629609471,6.518895669634695,-8.496879519333179,-0.5111333386651384,9.423512933808803
M4,simulated,54,-0.18515689826885323,0.8230450959275621,-1.354512121418526,-0.31035169526062956,1.25612982267957,-0.03819017152495566,6.558827510211793,-8.63938776204889,-0.513654128132976,10.277192427580035
M4,simulated,55,-0.11308415164603285,0.8690248879045989,-1.3323011409052046,-0.23262755455167533,1.2838335337047417,-0.013298302923430398,6.448946140961687,-8.634356045062924,-0.40111915988115254,10.187338426838327
M4,simulated,56,-0.03153893374433296,0.86518816275807,-1.3623027098908989,-0.0004163481940833738,1.3172768131821135,-0.04687330707772479,6.539606683321428,-8.711368861504699,-0.4300355959556752,9.317896069035221
M4,simulated,57,-0.04678150068355019,0.9074462847836362,-1.3828675186386838,-0.12363212015631028,1.306942791602943,-0.010735069827621718,6.694339594500029,-8.605828098209725,-0.4928796263149057,10.467073748826726
M4,simulated,58,-0.0707464212488301,0.9086144157667023,-1.440930429160399,-0.10788035461629081,1.29142837439249,-0.05479161834018477,6.404181752012578,-8.797111171007503,-0.48060053631432953,9.755442526764504
M4,simulated,59,-0.036294844413306195,0.8620180591433232,-1.3494477385261683,0.013882981916068446,1.2759264158590016,-0.01573917678506574,5.972973988286433,-8.313626539958236,-0.3496036661833013,9.462716713643154
M4,simulated,60,-0.2865128214737566,0.9338370017560939,-1.4710700773518623,-0.5874380372102761,1.254317518764522,-0.053575223321850954,5.792189508709873,-8.185771195468504,-0.2772602680347361,9.148727898253115
M4,simulated,61,-0.4586625052703842,0.8092325240029209,-1.4561656797531999,-0.7022196912561787,1.1639032653456183,-0.008486670782528767,5.877003445513138,-8.04332657285524,-0.40512075906814216,9.426434323923804
M4,simulated,62,-0.19161025943277984,0.8496268653705428,-1.378760843035041,-0.3148143108197684,1.2737017764364271,-0.04481188924548286,6.509776298920887,-8.128963095325142,-0.41918324677175156,9.101041788273191
M4,simulated,63,0.25359361050447093,0.9164307636106467,-1.3866712032259316,0.4134489498182106,1.549179726139274,-0.023687304113758544,6.517998651205076,-8.385729081025334,-0.3952711549415927,9.116083109669647
M4,simulated,64,0.019765592636737977,0.9192361163728323,-1.3801761817868556,0.06646541366923889,1.383417111219181,-0.0015064385717790685,5.803493198295038,-8.386169159246894,-0.19475029466240468,8.710287279254185
M4,simulated,65,0.09416943505180714,0.8909217683269398,-1.3951140594379037,0.2815282696069893,1.2945636578343094,-0.039265058035286765,6.399609437426662,-8.16111460770074,-0.33245460394176196,9.683501472085627
M4,simulated,66,-0.10646571433164909,0.9363109053607872,-1.3669799828634792,-0.2390895889019829,1.348255996212488,0.005728191057117749,14.088455203523601,-7.729257101083181,-0.4420081824057759,9.70512251088888
M4,simulated,67,-0.21809965892974523,0.8543920706640183,-1.4605180805671565,-0.3150668771761231,1.181754963847034,-0.0074838815894696835,6.337038681032033,-8.479918285149994,-0.4683350200749767,10.271167073192615
M4,simulated,68,0.04900567885686885,0.9089864898334943,-1.3594553165068444,0.14956413263166557,1.3546230418648801,-0.01991007775868777,7.239772709047189,-8.844515357331085,-0.22437803012837487,9.941278975222906
M4,simulated,69,-0.3755589283457092,0.8422321040131886,-1.4281523695851965,-0.5790188599710504,1.262793105277541,-0.02812520955908735,6.114257161990747,-8.181922412378272,-0.38497567371503505,9.376324757711815
M4,simulated,70,-0.32838178686076813,0.8783455604202192,-1.4595409229241476,-0.48464813034643417,1.2305110671007728,-0.0558611888436968,6.8558266438230575,-8.845487981854836,-0.40767697003927655,10.059351669466087
M4,simulated,71,0.07518853496215888,0.8721916584290483,-1.3184037015154728,0.1574649903015489,1.3474018950746882,-0.03938900725981412,6.992716706726835,-8.24549029080428,-0.28707857615290555,9.20807738128066
M4,simulated,72,-0.0587694304440956,0.8844995333285962,-1.397499243396302,0.018899793190401144,1.2904959540232481,-0.05246577785210749,5.8916229771858895,-8.237214514301245,-0.38517390529613504,9.63204484747643
M4,simulated,73,-0.1330936001949211,0.9812947945905021,-1.4689581804339205,-0.27402953222106147,1.304756701003894,-0.013156567623664142,6.007590452250027,-8.351931649274306,-0.1898995380699653,9.539765905196603
M4,simulated,74,-0.09839140916075174,0.9318688694608982,-1.4528566256671125,-0.1879852372702092,1.3459124909594062,-0.026998899991109885,6.797060972840873,-8.166020124988025,-0.4876826580821725,9.739729882983188
M4,simulated,75,-0.15647465950009104,0.8869205235934211,-1.4025198907855185,-0.24625788369660379,1.2030772344723228,-0.011217038547692544,7.146124263453932,-8.671825021428928,-0.6196626465776691,9.741264134697264
M4,simulated,76,0.19180116749979992,0.9168735557472517,-1.343841311398937,0.3271189318029825,1.4810531602931916,-0.0043388940808316645,6.6847710232410495,-8.727704127813405,-0.4016043479035364,10.228073646145058
M4,simulated,77,-0.1308198730807408,0.8514780415905047,-1.3792817299943487,-0.1535631573893752,1.2942174197702576,-0.00021264969963866634,6.025893034232965,-8.92372509666979,-0.4369944558873122,9.99351463139813
M4,simulated,78,-0.06588350170384262,0.8584484422119858,-1.3173492788128547,-0.13933115311063374,1.4052566799023138,0.004555070379170783,6.326435729584785,-8.167286239682882,-0.5219641415282718,10.024422226782725
M4,simulated,79,0.3797739532396679,0.8612617936427377,-1.20153952900441,0.5871325267046394,1.4652975800043992,-0.028221830080628105,7.246986600303897,-8.34905969354568,-0.29847160764113756,9.139275117676862
M4,simulated,80,0.10890396574926238,0.8877287610767443,-1.291830583320267,0.2339669131610163,1.4050100615462329,-0.007253437388500379,6.244759825442271,-8.033403125230446,-0.28330436525410285,9.319962098128615
M4,simulated,81,-0.2872911164109477,0.8007297948278979,-1.3662840817259696,-0.4075532855741202,1.1208705469514977,-0.048172645157999294,6.9328720511803406,-8.540140402043978,-0.4117464298045895,9.422988048853563
M4,simulated,82,-0.19560301817021178,0.8674418826485881,-1.4341447756992416,-0.33354150650913983,1.2285387749757217,-0.03526502668392251,7.307350327573368,-8.968045945366784,-0.5442537330746191,9.940576729455971
M4,simulated,83,0.06579798103806998,0.9059448235351963,-1.396286406791972,0.13356554528994452,1.3983730670672696,-0.03927938501727914,6.700918044510705,-8.072859711852127,-0.4364357966615662,9.408309966271327
M4,simulated,84,-0.1307968116289594,0.972033190587141,-1.4417861496603592,-0.2927632004477383,1.4311301345891436,-0.041136608818036505,6.435074087859802,-8.678726361374938,-0.4733961606275483,10.146979510059843
M4,simulated,85,-0.1114700118341201,0.9063587903235459,-1.4287230714505872,-0.19062914397260616,1.3375548650697082,-0.05100338344826428,5.9937503249606925,-8.501314032993898,-0.21641416101984348,9.083088274300232
M4,simulated,86,0.026273611221649652,0.9034934732400306,-1.4748657235958307,0.10360812027411434,1.375753504301311,-0.04895979502493332,7.923107481790314,-8.80072155485912,-0.316921305436145,9.68865068208191
M4,simulated,87,-0.05060361106610985,0.8584877106810731,-1.3781850949464904,-0.047415453651459924,1.2411189036681376,-0.014496533743875785,6.05953263909834,-8.697940062619523,-0.3572597019174284,9.679340781376567
M4,simulated,88,-0.09664204742568434,0.9226559695846531,-1.4231145075303215,-0.2522771658851452,1.4709128138165186,-0.04886191691141326,7.290706005437236,-8.585207010422819,-0.32079559540254543,9.344594117920986
M4,simulated,89,0.08871464359636225,0.9323987716408694,-1.3434496467153254,0.135634779202399,1.4392853131202394,-0.03497143112615247,7.231956950761746,-8.224522985603489,-0.4471320963415848,10.029664038587844
M4,simulated,90,0.06824842198026745,0.896359958892527,-1.383524392204479,0.13692769272174704,1.3568499012087492,-0.005722549657251568,6.897488795835931,-8.981162339338777,-0.308043649616134,9.917427772809711
M4,simulated,91,-0.061721783516060884,0.9928266740691265,-1.4126623026240228,-0.1877246550002314,1.4252103830578964,-0.011628416225362974,7.829295424357757,-8.7399161143376,-0.44721611465875777,9.747183070679927
M4,simulated,92,0.07132831410883618,0.9481277904853684,-1.3494865046354054,0.013560891186614249,1.4636715194461232,-0.0452612304123987,7.644395211599469,-9.129948508066335,-0.41341108607500926,9.991679475817522
M4,simulated,93,-0.09366603101350031,0.8019864754971683,-1.3012946737659412,-0.1676303968326217,1.2357792741770437,-0.008618191050005254,6.00302280532508,-8.075619315850957,-0.32189231946617297,8.994747509556545
M4,simulated,94,0.27320279110054607,0.8187110440704852,-1.2257318166036686,0.4700957940050663,1.4119259901748513,-0.012331410695117189,6.549426923208733,-8.408935289703168,-0.3372438852851011,9.602538698519211
M4,simulated,95,-0.17820376428157833,0.8995585046190212,-1.4200307639203142,-0.27254820990965983,1.3394442309338597,-0.00016743434552228393,6.004577420048408,-8.294497454615556,-0.35868611129056815,9.772859682913639
M4,simulated,96,-0.020400549212440888,0.8985535907508593,-1.2803889706023037,-0.058855364021543025,1.3062140233939705,-0.02046693258534691,6.445466278442401,-8.364638217177644,-0.28565555502483575,9.571005770005273
M4,simulated,97,-0.0026147894439271795,0.8644937807006954,-1.3797091580532044,0.042497588508315115,1.265503872630202,-0.03637044029165726,6.267575451568494,-8.409319295410947,-0.41462936608474,9.128263214316066
M4,simulated,98,0.002554910527250695,0.9196970121796995,-1.374072913445114,0.04870583481285168,1.33776242805045,-0.05186469861601919,8.002688713367228,-8.927686616548828,-0.33572637761436486,9.004311692268793
M4,simulated,99,0.1631436077276336,0.8799589201889281,-1.2413994035651528,0.2614564608481435,1.3962080509929384,-0.03171314873383553,7.2584512591754455,-8.195804578873943,-0.4357375522699972,8.892730806793027
